TxnID,JournalID,EntityCode,Date,AccountCode,AccountName,AccountType,IsIntercompany,Debit,Credit,Description,Source,CounterpartyEntity,MonthKey
1,1,MIA,2024-01-12,1100,Accounts Receivable,Asset,No,95742.0,0.0,MIA legal fees billed - 2024-01,Billing,,2024-01
2,1,MIA,2024-01-12,4010,Litigation Fees,Revenue,No,0.0,40211.64,MIA legal fees billed - 2024-01,Billing,,2024-01
3,1,MIA,2024-01-12,4020,Corporate & Transactional Fees,Revenue,No,0.0,31594.86,MIA legal fees billed - 2024-01,Billing,,2024-01
4,1,MIA,2024-01-12,4030,Family Law Fees,Revenue,No,0.0,23935.5,MIA legal fees billed - 2024-01,Billing,,2024-01
5,2,MIA,2024-01-24,1000,Cash - Operating,Asset,No,89893.86,0.0,MIA client fee collections - 2024-01,Cash Receipt,,2024-01
6,2,MIA,2024-01-24,1100,Accounts Receivable,Asset,No,0.0,89893.86,MIA client fee collections - 2024-01,Cash Receipt,,2024-01
7,3,MIA,2024-01-15,5010,Court Filing Fees,COGS,No,5437.52,0.0,MIA direct case costs - 2024-01,AP/Cash,,2024-01
8,3,MIA,2024-01-15,5020,Expert Witness Fees,COGS,No,4448.88,0.0,MIA direct case costs - 2024-01,AP/Cash,,2024-01
9,3,MIA,2024-01-15,1000,Cash - Operating,Asset,No,0.0,6920.48,MIA direct case costs - 2024-01,AP/Cash,,2024-01
10,3,MIA,2024-01-15,2000,Accounts Payable,Liability,No,0.0,2965.92,MIA direct case costs - 2024-01,AP/Cash,,2024-01
11,4,MIA,2024-01-29,6010,Attorney & Staff Payroll,Opex,No,41000.0,0.0,MIA payroll run - 2024-01,Payroll,,2024-01
12,4,MIA,2024-01-29,6020,Payroll Taxes & Benefits,Opex,No,5740.0,0.0,MIA payroll run - 2024-01,Payroll,,2024-01
13,4,MIA,2024-01-29,1000,Cash - Operating,Asset,No,0.0,42066.0,MIA payroll run - 2024-01,Payroll,,2024-01
14,4,MIA,2024-01-29,2100,Accrued Payroll,Liability,No,0.0,4674.0,MIA payroll run - 2024-01,Payroll,,2024-01
15,4,MIA,2024-01-29,2100,Accrued Payroll,Liability,No,0.0,0.0,MIA payroll run - 2024-01,Payroll,,2024-01
16,5,MIA,2024-01-01,6030,Office Rent,Opex,No,6800.0,0.0,MIA office rent - 2024-01,Cash,,2024-01
17,5,MIA,2024-01-01,1000,Cash - Operating,Asset,No,0.0,6800.0,MIA office rent - 2024-01,Cash,,2024-01
18,6,MIA,2024-01-18,6040,Marketing & Business Development,Opex,No,3330.16,0.0,MIA marketing spend - 2024-01,AP/Cash,,2024-01
19,6,MIA,2024-01-18,1000,Cash - Operating,Asset,No,0.0,2664.13,MIA marketing spend - 2024-01,AP/Cash,,2024-01
20,6,MIA,2024-01-18,2000,Accounts Payable,Liability,No,0.0,666.03,MIA marketing spend - 2024-01,AP/Cash,,2024-01
21,7,MIA,2024-01-01,6050,Professional Insurance,Opex,No,1450.0,0.0,MIA malpractice insurance amortization - 2024-01,Prepaid Amort,,2024-01
22,7,MIA,2024-01-01,1200,Prepaid Expenses,Asset,No,0.0,1450.0,MIA malpractice insurance amortization - 2024-01,Prepaid Amort,,2024-01
23,8,MIA,2024-01-09,6060,Software & IT,Opex,No,2100.0,0.0,MIA software & IT subscriptions - 2024-01,Cash,,2024-01
24,8,MIA,2024-01-09,1000,Cash - Operating,Asset,No,0.0,2100.0,MIA software & IT subscriptions - 2024-01,Cash,,2024-01
25,9,MIA,2024-01-31,7000,Depreciation Expense,Opex,No,1100.0,0.0,MIA monthly depreciation - 2024-01,Adjusting Entry,,2024-01
26,9,MIA,2024-01-31,1500,"Fixed Assets, Net",Asset,No,0.0,1100.0,MIA monthly depreciation - 2024-01,Adjusting Entry,,2024-01
27,10,CHI,2024-01-12,1100,Accounts Receivable,Asset,No,51668.99,0.0,CHI legal fees billed - 2024-01,Billing,,2024-01
28,10,CHI,2024-01-12,4010,Litigation Fees,Revenue,No,0.0,21700.98,CHI legal fees billed - 2024-01,Billing,,2024-01
29,10,CHI,2024-01-12,4020,Corporate & Transactional Fees,Revenue,No,0.0,17050.77,CHI legal fees billed - 2024-01,Billing,,2024-01
30,10,CHI,2024-01-12,4030,Family Law Fees,Revenue,No,0.0,12917.24,CHI legal fees billed - 2024-01,Billing,,2024-01
31,11,CHI,2024-01-24,1000,Cash - Operating,Asset,No,46379.91,0.0,CHI client fee collections - 2024-01,Cash Receipt,,2024-01
32,11,CHI,2024-01-24,1100,Accounts Receivable,Asset,No,0.0,46379.91,CHI client fee collections - 2024-01,Cash Receipt,,2024-01
33,12,CHI,2024-01-15,5010,Court Filing Fees,COGS,No,2934.46,0.0,CHI direct case costs - 2024-01,AP/Cash,,2024-01
34,12,CHI,2024-01-15,5020,Expert Witness Fees,COGS,No,2400.93,0.0,CHI direct case costs - 2024-01,AP/Cash,,2024-01
35,12,CHI,2024-01-15,1000,Cash - Operating,Asset,No,0.0,3734.77,CHI direct case costs - 2024-01,AP/Cash,,2024-01
36,12,CHI,2024-01-15,2000,Accounts Payable,Liability,No,0.0,1600.62,CHI direct case costs - 2024-01,AP/Cash,,2024-01
37,13,CHI,2024-01-29,6010,Attorney & Staff Payroll,Opex,No,25420.0,0.0,CHI payroll run - 2024-01,Payroll,,2024-01
38,13,CHI,2024-01-29,6020,Payroll Taxes & Benefits,Opex,No,3558.8,0.0,CHI payroll run - 2024-01,Payroll,,2024-01
39,13,CHI,2024-01-29,1000,Cash - Operating,Asset,No,0.0,26080.92,CHI payroll run - 2024-01,Payroll,,2024-01
40,13,CHI,2024-01-29,2100,Accrued Payroll,Liability,No,0.0,2897.88,CHI payroll run - 2024-01,Payroll,,2024-01
41,13,CHI,2024-01-29,2100,Accrued Payroll,Liability,No,0.0,0.0,CHI payroll run - 2024-01,Payroll,,2024-01
42,14,CHI,2024-01-01,6030,Office Rent,Opex,No,4216.0,0.0,CHI office rent - 2024-01,Cash,,2024-01
43,14,CHI,2024-01-01,1000,Cash - Operating,Asset,No,0.0,4216.0,CHI office rent - 2024-01,Cash,,2024-01
44,15,CHI,2024-01-18,6040,Marketing & Business Development,Opex,No,1797.18,0.0,CHI marketing spend - 2024-01,AP/Cash,,2024-01
45,15,CHI,2024-01-18,1000,Cash - Operating,Asset,No,0.0,1437.74,CHI marketing spend - 2024-01,AP/Cash,,2024-01
46,15,CHI,2024-01-18,2000,Accounts Payable,Liability,No,0.0,359.44,CHI marketing spend - 2024-01,AP/Cash,,2024-01
47,16,CHI,2024-01-01,6050,Professional Insurance,Opex,No,899.0,0.0,CHI malpractice insurance amortization - 2024-01,Prepaid Amort,,2024-01
48,16,CHI,2024-01-01,1200,Prepaid Expenses,Asset,No,0.0,899.0,CHI malpractice insurance amortization - 2024-01,Prepaid Amort,,2024-01
49,17,CHI,2024-01-09,6060,Software & IT,Opex,No,1302.0,0.0,CHI software & IT subscriptions - 2024-01,Cash,,2024-01
50,17,CHI,2024-01-09,1000,Cash - Operating,Asset,No,0.0,1302.0,CHI software & IT subscriptions - 2024-01,Cash,,2024-01
51,18,CHI,2024-01-31,7000,Depreciation Expense,Opex,No,682.0,0.0,CHI monthly depreciation - 2024-01,Adjusting Entry,,2024-01
52,18,CHI,2024-01-31,1500,"Fixed Assets, Net",Asset,No,0.0,682.0,CHI monthly depreciation - 2024-01,Adjusting Entry,,2024-01
53,19,DAL,2024-01-12,1100,Accounts Receivable,Asset,No,56195.7,0.0,DAL legal fees billed - 2024-01,Billing,,2024-01
54,19,DAL,2024-01-12,4010,Litigation Fees,Revenue,No,0.0,23602.19,DAL legal fees billed - 2024-01,Billing,,2024-01
55,19,DAL,2024-01-12,4020,Corporate & Transactional Fees,Revenue,No,0.0,18544.58,DAL legal fees billed - 2024-01,Billing,,2024-01
56,19,DAL,2024-01-12,4030,Family Law Fees,Revenue,No,0.0,14048.93,DAL legal fees billed - 2024-01,Billing,,2024-01
57,20,DAL,2024-01-24,1000,Cash - Operating,Asset,No,53262.26,0.0,DAL client fee collections - 2024-01,Cash Receipt,,2024-01
58,20,DAL,2024-01-24,1100,Accounts Receivable,Asset,No,0.0,53262.26,DAL client fee collections - 2024-01,Cash Receipt,,2024-01
59,21,DAL,2024-01-15,5010,Court Filing Fees,COGS,No,3191.55,0.0,DAL direct case costs - 2024-01,AP/Cash,,2024-01
60,21,DAL,2024-01-15,5020,Expert Witness Fees,COGS,No,2611.27,0.0,DAL direct case costs - 2024-01,AP/Cash,,2024-01
61,21,DAL,2024-01-15,1000,Cash - Operating,Asset,No,0.0,4061.97,DAL direct case costs - 2024-01,AP/Cash,,2024-01
62,21,DAL,2024-01-15,2000,Accounts Payable,Liability,No,0.0,1740.85,DAL direct case costs - 2024-01,AP/Cash,,2024-01
63,22,DAL,2024-01-29,6010,Attorney & Staff Payroll,Opex,No,22550.0,0.0,DAL payroll run - 2024-01,Payroll,,2024-01
64,22,DAL,2024-01-29,6020,Payroll Taxes & Benefits,Opex,No,3157.0,0.0,DAL payroll run - 2024-01,Payroll,,2024-01
65,22,DAL,2024-01-29,1000,Cash - Operating,Asset,No,0.0,23136.3,DAL payroll run - 2024-01,Payroll,,2024-01
66,22,DAL,2024-01-29,2100,Accrued Payroll,Liability,No,0.0,2570.7,DAL payroll run - 2024-01,Payroll,,2024-01
67,22,DAL,2024-01-29,2100,Accrued Payroll,Liability,No,0.0,0.0,DAL payroll run - 2024-01,Payroll,,2024-01
68,23,DAL,2024-01-01,6030,Office Rent,Opex,No,3740.0,0.0,DAL office rent - 2024-01,Cash,,2024-01
69,23,DAL,2024-01-01,1000,Cash - Operating,Asset,No,0.0,3740.0,DAL office rent - 2024-01,Cash,,2024-01
70,24,DAL,2024-01-18,6040,Marketing & Business Development,Opex,No,1954.63,0.0,DAL marketing spend - 2024-01,AP/Cash,,2024-01
71,24,DAL,2024-01-18,1000,Cash - Operating,Asset,No,0.0,1563.7,DAL marketing spend - 2024-01,AP/Cash,,2024-01
72,24,DAL,2024-01-18,2000,Accounts Payable,Liability,No,0.0,390.93,DAL marketing spend - 2024-01,AP/Cash,,2024-01
73,25,DAL,2024-01-01,6050,Professional Insurance,Opex,No,797.5,0.0,DAL malpractice insurance amortization - 2024-01,Prepaid Amort,,2024-01
74,25,DAL,2024-01-01,1200,Prepaid Expenses,Asset,No,0.0,797.5,DAL malpractice insurance amortization - 2024-01,Prepaid Amort,,2024-01
75,26,DAL,2024-01-09,6060,Software & IT,Opex,No,1155.0,0.0,DAL software & IT subscriptions - 2024-01,Cash,,2024-01
76,26,DAL,2024-01-09,1000,Cash - Operating,Asset,No,0.0,1155.0,DAL software & IT subscriptions - 2024-01,Cash,,2024-01
77,27,DAL,2024-01-31,7000,Depreciation Expense,Opex,No,605.0,0.0,DAL monthly depreciation - 2024-01,Adjusting Entry,,2024-01
78,27,DAL,2024-01-31,1500,"Fixed Assets, Net",Asset,No,0.0,605.0,DAL monthly depreciation - 2024-01,Adjusting Entry,,2024-01
79,28,MIA,2024-01-22,1300,Intercompany Receivable,Asset,Yes,3224.0,0.0,Shared services billed to branch 2 - 2024-01,Intercompany,CHI,2024-01
80,28,MIA,2024-01-22,4090,Intercompany Shared Services Revenue,Revenue,Yes,0.0,3224.0,Shared services billed to branch 2 - 2024-01,Intercompany,CHI,2024-01
81,29,CHI,2024-01-22,6070,Shared Services Allocation (Intercompany),Opex,Yes,3224.0,0.0,Shared services allocation from HQ - 2024-01,Intercompany,MIA,2024-01
82,29,CHI,2024-01-22,2200,Intercompany Payable,Liability,Yes,0.0,3224.0,Shared services allocation from HQ - 2024-01,Intercompany,MIA,2024-01
83,30,MIA,2024-01-22,1300,Intercompany Receivable,Asset,Yes,2860.0,0.0,Shared services billed to branch 3 - 2024-01,Intercompany,DAL,2024-01
84,30,MIA,2024-01-22,4090,Intercompany Shared Services Revenue,Revenue,Yes,0.0,2860.0,Shared services billed to branch 3 - 2024-01,Intercompany,DAL,2024-01
85,31,DAL,2024-01-22,6070,Shared Services Allocation (Intercompany),Opex,Yes,2860.0,0.0,Shared services allocation from HQ - 2024-01,Intercompany,MIA,2024-01
86,31,DAL,2024-01-22,2200,Intercompany Payable,Liability,Yes,0.0,2860.0,Shared services allocation from HQ - 2024-01,Intercompany,MIA,2024-01
87,32,MIA,2024-02-12,1100,Accounts Receivable,Asset,No,100782.2,0.0,MIA legal fees billed - 2024-02,Billing,,2024-02
88,32,MIA,2024-02-12,4010,Litigation Fees,Revenue,No,0.0,42328.52,MIA legal fees billed - 2024-02,Billing,,2024-02
89,32,MIA,2024-02-12,4020,Corporate & Transactional Fees,Revenue,No,0.0,33258.13,MIA legal fees billed - 2024-02,Billing,,2024-02
90,32,MIA,2024-02-12,4030,Family Law Fees,Revenue,No,0.0,25195.55,MIA legal fees billed - 2024-02,Billing,,2024-02
91,33,MIA,2024-02-26,1000,Cash - Operating,Asset,No,94369.0,0.0,MIA client fee collections - 2024-02,Cash Receipt,,2024-02
92,33,MIA,2024-02-26,1100,Accounts Receivable,Asset,No,0.0,94369.0,MIA client fee collections - 2024-02,Cash Receipt,,2024-02
93,34,MIA,2024-02-15,5010,Court Filing Fees,COGS,No,5723.77,0.0,MIA direct case costs - 2024-02,AP/Cash,,2024-02
94,34,MIA,2024-02-15,5020,Expert Witness Fees,COGS,No,4683.09,0.0,MIA direct case costs - 2024-02,AP/Cash,,2024-02
95,34,MIA,2024-02-15,1000,Cash - Operating,Asset,No,0.0,7284.8,MIA direct case costs - 2024-02,AP/Cash,,2024-02
96,34,MIA,2024-02-15,2000,Accounts Payable,Liability,No,0.0,3122.06,MIA direct case costs - 2024-02,AP/Cash,,2024-02
97,35,MIA,2024-02-28,6010,Attorney & Staff Payroll,Opex,No,41492.0,0.0,MIA payroll run - 2024-02,Payroll,,2024-02
98,35,MIA,2024-02-28,6020,Payroll Taxes & Benefits,Opex,No,5808.88,0.0,MIA payroll run - 2024-02,Payroll,,2024-02
99,35,MIA,2024-02-28,1000,Cash - Operating,Asset,No,0.0,47244.79,MIA payroll run - 2024-02,Payroll,,2024-02
100,35,MIA,2024-02-28,2100,Accrued Payroll,Liability,No,0.0,4730.09,MIA payroll run - 2024-02,Payroll,,2024-02
101,35,MIA,2024-02-28,2100,Accrued Payroll,Liability,No,4674.0,0.0,MIA payroll run - 2024-02,Payroll,,2024-02
102,36,MIA,2024-02-01,6030,Office Rent,Opex,No,6834.0,0.0,MIA office rent - 2024-02,Cash,,2024-02
103,36,MIA,2024-02-01,1000,Cash - Operating,Asset,No,0.0,6834.0,MIA office rent - 2024-02,Cash,,2024-02
104,37,MIA,2024-02-19,6040,Marketing & Business Development,Opex,No,3463.9,0.0,MIA marketing spend - 2024-02,AP/Cash,,2024-02
105,37,MIA,2024-02-19,1000,Cash - Operating,Asset,No,0.0,2771.12,MIA marketing spend - 2024-02,AP/Cash,,2024-02
106,37,MIA,2024-02-19,2000,Accounts Payable,Liability,No,0.0,692.78,MIA marketing spend - 2024-02,AP/Cash,,2024-02
107,38,MIA,2024-02-01,6050,Professional Insurance,Opex,No,1450.0,0.0,MIA malpractice insurance amortization - 2024-02,Prepaid Amort,,2024-02
108,38,MIA,2024-02-01,1200,Prepaid Expenses,Asset,No,0.0,1450.0,MIA malpractice insurance amortization - 2024-02,Prepaid Amort,,2024-02
109,39,MIA,2024-02-09,6060,Software & IT,Opex,No,2121.0,0.0,MIA software & IT subscriptions - 2024-02,Cash,,2024-02
110,39,MIA,2024-02-09,1000,Cash - Operating,Asset,No,0.0,2121.0,MIA software & IT subscriptions - 2024-02,Cash,,2024-02
111,40,MIA,2024-02-29,7000,Depreciation Expense,Opex,No,1100.0,0.0,MIA monthly depreciation - 2024-02,Adjusting Entry,,2024-02
112,40,MIA,2024-02-29,1500,"Fixed Assets, Net",Asset,No,0.0,1100.0,MIA monthly depreciation - 2024-02,Adjusting Entry,,2024-02
113,41,MIA,2024-02-05,2000,Accounts Payable,Liability,No,3631.95,0.0,MIA AP payment run (prior month invoices) - 2024-02,Cash,,2024-02
114,41,MIA,2024-02-05,1000,Cash - Operating,Asset,No,0.0,3631.95,MIA AP payment run (prior month invoices) - 2024-02,Cash,,2024-02
115,42,CHI,2024-02-12,1100,Accounts Receivable,Asset,No,60024.83,0.0,CHI legal fees billed - 2024-02,Billing,,2024-02
116,42,CHI,2024-02-12,4010,Litigation Fees,Revenue,No,0.0,25210.43,CHI legal fees billed - 2024-02,Billing,,2024-02
117,42,CHI,2024-02-12,4020,Corporate & Transactional Fees,Revenue,No,0.0,19808.19,CHI legal fees billed - 2024-02,Billing,,2024-02
118,42,CHI,2024-02-12,4030,Family Law Fees,Revenue,No,0.0,15006.21,CHI legal fees billed - 2024-02,Billing,,2024-02
119,43,CHI,2024-02-26,1000,Cash - Operating,Asset,No,54103.87,0.0,CHI client fee collections - 2024-02,Cash Receipt,,2024-02
120,43,CHI,2024-02-26,1100,Accounts Receivable,Asset,No,0.0,54103.87,CHI client fee collections - 2024-02,Cash Receipt,,2024-02
121,44,CHI,2024-02-15,5010,Court Filing Fees,COGS,No,3409.02,0.0,CHI direct case costs - 2024-02,AP/Cash,,2024-02
122,44,CHI,2024-02-15,5020,Expert Witness Fees,COGS,No,2789.2,0.0,CHI direct case costs - 2024-02,AP/Cash,,2024-02
123,44,CHI,2024-02-15,1000,Cash - Operating,Asset,No,0.0,4338.75,CHI direct case costs - 2024-02,AP/Cash,,2024-02
124,44,CHI,2024-02-15,2000,Accounts Payable,Liability,No,0.0,1859.47,CHI direct case costs - 2024-02,AP/Cash,,2024-02
125,45,CHI,2024-02-28,6010,Attorney & Staff Payroll,Opex,No,25725.04,0.0,CHI payroll run - 2024-02,Payroll,,2024-02
126,45,CHI,2024-02-28,6020,Payroll Taxes & Benefits,Opex,No,3601.51,0.0,CHI payroll run - 2024-02,Payroll,,2024-02
127,45,CHI,2024-02-28,1000,Cash - Operating,Asset,No,0.0,29291.78,CHI payroll run - 2024-02,Payroll,,2024-02
128,45,CHI,2024-02-28,2100,Accrued Payroll,Liability,No,0.0,2932.65,CHI payroll run - 2024-02,Payroll,,2024-02
129,45,CHI,2024-02-28,2100,Accrued Payroll,Liability,No,2897.88,0.0,CHI payroll run - 2024-02,Payroll,,2024-02
130,46,CHI,2024-02-01,6030,Office Rent,Opex,No,4237.08,0.0,CHI office rent - 2024-02,Cash,,2024-02
131,46,CHI,2024-02-01,1000,Cash - Operating,Asset,No,0.0,4237.08,CHI office rent - 2024-02,Cash,,2024-02
132,47,CHI,2024-02-19,6040,Marketing & Business Development,Opex,No,2063.06,0.0,CHI marketing spend - 2024-02,AP/Cash,,2024-02
133,47,CHI,2024-02-19,1000,Cash - Operating,Asset,No,0.0,1650.45,CHI marketing spend - 2024-02,AP/Cash,,2024-02
134,47,CHI,2024-02-19,2000,Accounts Payable,Liability,No,0.0,412.61,CHI marketing spend - 2024-02,AP/Cash,,2024-02
135,48,CHI,2024-02-01,6050,Professional Insurance,Opex,No,899.0,0.0,CHI malpractice insurance amortization - 2024-02,Prepaid Amort,,2024-02
136,48,CHI,2024-02-01,1200,Prepaid Expenses,Asset,No,0.0,899.0,CHI malpractice insurance amortization - 2024-02,Prepaid Amort,,2024-02
137,49,CHI,2024-02-09,6060,Software & IT,Opex,No,1315.02,0.0,CHI software & IT subscriptions - 2024-02,Cash,,2024-02
138,49,CHI,2024-02-09,1000,Cash - Operating,Asset,No,0.0,1315.02,CHI software & IT subscriptions - 2024-02,Cash,,2024-02
139,50,CHI,2024-02-29,7000,Depreciation Expense,Opex,No,682.0,0.0,CHI monthly depreciation - 2024-02,Adjusting Entry,,2024-02
140,50,CHI,2024-02-29,1500,"Fixed Assets, Net",Asset,No,0.0,682.0,CHI monthly depreciation - 2024-02,Adjusting Entry,,2024-02
141,51,CHI,2024-02-05,2000,Accounts Payable,Liability,No,1960.06,0.0,CHI AP payment run (prior month invoices) - 2024-02,Cash,,2024-02
142,51,CHI,2024-02-05,1000,Cash - Operating,Asset,No,0.0,1960.06,CHI AP payment run (prior month invoices) - 2024-02,Cash,,2024-02
143,52,DAL,2024-02-12,1100,Accounts Receivable,Asset,No,57234.04,0.0,DAL legal fees billed - 2024-02,Billing,,2024-02
144,52,DAL,2024-02-12,4010,Litigation Fees,Revenue,No,0.0,24038.3,DAL legal fees billed - 2024-02,Billing,,2024-02
145,52,DAL,2024-02-12,4020,Corporate & Transactional Fees,Revenue,No,0.0,18887.23,DAL legal fees billed - 2024-02,Billing,,2024-02
146,52,DAL,2024-02-12,4030,Family Law Fees,Revenue,No,0.0,14308.51,DAL legal fees billed - 2024-02,Billing,,2024-02
147,53,DAL,2024-02-26,1000,Cash - Operating,Asset,No,54225.14,0.0,DAL client fee collections - 2024-02,Cash Receipt,,2024-02
148,53,DAL,2024-02-26,1100,Accounts Receivable,Asset,No,0.0,54225.14,DAL client fee collections - 2024-02,Cash Receipt,,2024-02
149,54,DAL,2024-02-15,5010,Court Filing Fees,COGS,No,3250.52,0.0,DAL direct case costs - 2024-02,AP/Cash,,2024-02
150,54,DAL,2024-02-15,5020,Expert Witness Fees,COGS,No,2659.52,0.0,DAL direct case costs - 2024-02,AP/Cash,,2024-02
151,54,DAL,2024-02-15,1000,Cash - Operating,Asset,No,0.0,4137.03,DAL direct case costs - 2024-02,AP/Cash,,2024-02
152,54,DAL,2024-02-15,2000,Accounts Payable,Liability,No,0.0,1773.01,DAL direct case costs - 2024-02,AP/Cash,,2024-02
153,55,DAL,2024-02-28,6010,Attorney & Staff Payroll,Opex,No,22820.6,0.0,DAL payroll run - 2024-02,Payroll,,2024-02
154,55,DAL,2024-02-28,6020,Payroll Taxes & Benefits,Opex,No,3194.88,0.0,DAL payroll run - 2024-02,Payroll,,2024-02
155,55,DAL,2024-02-28,1000,Cash - Operating,Asset,No,0.0,25984.63,DAL payroll run - 2024-02,Payroll,,2024-02
156,55,DAL,2024-02-28,2100,Accrued Payroll,Liability,No,0.0,2601.55,DAL payroll run - 2024-02,Payroll,,2024-02
157,55,DAL,2024-02-28,2100,Accrued Payroll,Liability,No,2570.7,0.0,DAL payroll run - 2024-02,Payroll,,2024-02
158,56,DAL,2024-02-01,6030,Office Rent,Opex,No,3758.7,0.0,DAL office rent - 2024-02,Cash,,2024-02
159,56,DAL,2024-02-01,1000,Cash - Operating,Asset,No,0.0,3758.7,DAL office rent - 2024-02,Cash,,2024-02
160,57,DAL,2024-02-19,6040,Marketing & Business Development,Opex,No,1967.14,0.0,DAL marketing spend - 2024-02,AP/Cash,,2024-02
161,57,DAL,2024-02-19,1000,Cash - Operating,Asset,No,0.0,1573.71,DAL marketing spend - 2024-02,AP/Cash,,2024-02
162,57,DAL,2024-02-19,2000,Accounts Payable,Liability,No,0.0,393.43,DAL marketing spend - 2024-02,AP/Cash,,2024-02
163,58,DAL,2024-02-01,6050,Professional Insurance,Opex,No,797.5,0.0,DAL malpractice insurance amortization - 2024-02,Prepaid Amort,,2024-02
164,58,DAL,2024-02-01,1200,Prepaid Expenses,Asset,No,0.0,797.5,DAL malpractice insurance amortization - 2024-02,Prepaid Amort,,2024-02
165,59,DAL,2024-02-09,6060,Software & IT,Opex,No,1166.55,0.0,DAL software & IT subscriptions - 2024-02,Cash,,2024-02
166,59,DAL,2024-02-09,1000,Cash - Operating,Asset,No,0.0,1166.55,DAL software & IT subscriptions - 2024-02,Cash,,2024-02
167,60,DAL,2024-02-29,7000,Depreciation Expense,Opex,No,605.0,0.0,DAL monthly depreciation - 2024-02,Adjusting Entry,,2024-02
168,60,DAL,2024-02-29,1500,"Fixed Assets, Net",Asset,No,0.0,605.0,DAL monthly depreciation - 2024-02,Adjusting Entry,,2024-02
169,61,DAL,2024-02-05,2000,Accounts Payable,Liability,No,2131.78,0.0,DAL AP payment run (prior month invoices) - 2024-02,Cash,,2024-02
170,61,DAL,2024-02-05,1000,Cash - Operating,Asset,No,0.0,2131.78,DAL AP payment run (prior month invoices) - 2024-02,Cash,,2024-02
171,62,MIA,2024-02-20,1300,Intercompany Receivable,Asset,Yes,3256.24,0.0,Shared services billed to branch 2 - 2024-02,Intercompany,CHI,2024-02
172,62,MIA,2024-02-20,4090,Intercompany Shared Services Revenue,Revenue,Yes,0.0,3256.24,Shared services billed to branch 2 - 2024-02,Intercompany,CHI,2024-02
173,63,CHI,2024-02-20,6070,Shared Services Allocation (Intercompany),Opex,Yes,3256.24,0.0,Shared services allocation from HQ - 2024-02,Intercompany,MIA,2024-02
174,63,CHI,2024-02-20,2200,Intercompany Payable,Liability,Yes,0.0,3256.24,Shared services allocation from HQ - 2024-02,Intercompany,MIA,2024-02
175,64,CHI,2024-02-26,2200,Intercompany Payable,Liability,Yes,3224.0,0.0,Intercompany settlement paid to HQ - 2024-02,Intercompany Cash,MIA,2024-02
176,64,CHI,2024-02-26,1000,Cash - Operating,Asset,No,0.0,3224.0,Intercompany settlement paid to HQ - 2024-02,Intercompany Cash,MIA,2024-02
177,65,MIA,2024-02-26,1000,Cash - Operating,Asset,No,3224.0,0.0,Intercompany settlement received from branch 2 - 2024-02,Intercompany Cash,CHI,2024-02
178,65,MIA,2024-02-26,1300,Intercompany Receivable,Asset,Yes,0.0,3224.0,Intercompany settlement received from branch 2 - 2024-02,Intercompany Cash,CHI,2024-02
179,66,MIA,2024-02-20,1300,Intercompany Receivable,Asset,Yes,2888.6,0.0,Shared services billed to branch 3 - 2024-02,Intercompany,DAL,2024-02
180,66,MIA,2024-02-20,4090,Intercompany Shared Services Revenue,Revenue,Yes,0.0,2888.6,Shared services billed to branch 3 - 2024-02,Intercompany,DAL,2024-02
181,67,DAL,2024-02-20,6070,Shared Services Allocation (Intercompany),Opex,Yes,2888.6,0.0,Shared services allocation from HQ - 2024-02,Intercompany,MIA,2024-02
182,67,DAL,2024-02-20,2200,Intercompany Payable,Liability,Yes,0.0,2888.6,Shared services allocation from HQ - 2024-02,Intercompany,MIA,2024-02
183,68,DAL,2024-02-26,2200,Intercompany Payable,Liability,Yes,2860.0,0.0,Intercompany settlement paid to HQ - 2024-02,Intercompany Cash,MIA,2024-02
184,68,DAL,2024-02-26,1000,Cash - Operating,Asset,No,0.0,2860.0,Intercompany settlement paid to HQ - 2024-02,Intercompany Cash,MIA,2024-02
185,69,MIA,2024-02-26,1000,Cash - Operating,Asset,No,2860.0,0.0,Intercompany settlement received from branch 3 - 2024-02,Intercompany Cash,DAL,2024-02
186,69,MIA,2024-02-26,1300,Intercompany Receivable,Asset,Yes,0.0,2860.0,Intercompany settlement received from branch 3 - 2024-02,Intercompany Cash,DAL,2024-02
187,70,MIA,2024-03-12,1100,Accounts Receivable,Asset,No,102950.59,0.0,MIA legal fees billed - 2024-03,Billing,,2024-03
188,70,MIA,2024-03-12,4010,Litigation Fees,Revenue,No,0.0,43239.25,MIA legal fees billed - 2024-03,Billing,,2024-03
189,70,MIA,2024-03-12,4020,Corporate & Transactional Fees,Revenue,No,0.0,33973.69,MIA legal fees billed - 2024-03,Billing,,2024-03
190,70,MIA,2024-03-12,4030,Family Law Fees,Revenue,No,0.0,25737.65,MIA legal fees billed - 2024-03,Billing,,2024-03
191,71,MIA,2024-03-25,1000,Cash - Operating,Asset,No,98128.78,0.0,MIA client fee collections - 2024-03,Cash Receipt,,2024-03
192,71,MIA,2024-03-25,1100,Accounts Receivable,Asset,No,0.0,98128.78,MIA client fee collections - 2024-03,Cash Receipt,,2024-03
193,72,MIA,2024-03-15,5010,Court Filing Fees,COGS,No,5846.92,0.0,MIA direct case costs - 2024-03,AP/Cash,,2024-03
194,72,MIA,2024-03-15,5020,Expert Witness Fees,COGS,No,4783.85,0.0,MIA direct case costs - 2024-03,AP/Cash,,2024-03
195,72,MIA,2024-03-15,1000,Cash - Operating,Asset,No,0.0,7441.54,MIA direct case costs - 2024-03,AP/Cash,,2024-03
196,72,MIA,2024-03-15,2000,Accounts Payable,Liability,No,0.0,3189.23,MIA direct case costs - 2024-03,AP/Cash,,2024-03
197,73,MIA,2024-03-28,6010,Attorney & Staff Payroll,Opex,No,41984.0,0.0,MIA payroll run - 2024-03,Payroll,,2024-03
198,73,MIA,2024-03-28,6020,Payroll Taxes & Benefits,Opex,No,5877.76,0.0,MIA payroll run - 2024-03,Payroll,,2024-03
199,73,MIA,2024-03-28,1000,Cash - Operating,Asset,No,0.0,47805.67,MIA payroll run - 2024-03,Payroll,,2024-03
200,73,MIA,2024-03-28,2100,Accrued Payroll,Liability,No,0.0,4786.18,MIA payroll run - 2024-03,Payroll,,2024-03
201,73,MIA,2024-03-28,2100,Accrued Payroll,Liability,No,4730.09,0.0,MIA payroll run - 2024-03,Payroll,,2024-03
202,74,MIA,2024-03-01,6030,Office Rent,Opex,No,6868.0,0.0,MIA office rent - 2024-03,Cash,,2024-03
203,74,MIA,2024-03-01,1000,Cash - Operating,Asset,No,0.0,6868.0,MIA office rent - 2024-03,Cash,,2024-03
204,75,MIA,2024-03-18,6040,Marketing & Business Development,Opex,No,3496.96,0.0,MIA marketing spend - 2024-03,AP/Cash,,2024-03
205,75,MIA,2024-03-18,1000,Cash - Operating,Asset,No,0.0,2797.57,MIA marketing spend - 2024-03,AP/Cash,,2024-03
206,75,MIA,2024-03-18,2000,Accounts Payable,Liability,No,0.0,699.39,MIA marketing spend - 2024-03,AP/Cash,,2024-03
207,76,MIA,2024-03-01,6050,Professional Insurance,Opex,No,1450.0,0.0,MIA malpractice insurance amortization - 2024-03,Prepaid Amort,,2024-03
208,76,MIA,2024-03-01,1200,Prepaid Expenses,Asset,No,0.0,1450.0,MIA malpractice insurance amortization - 2024-03,Prepaid Amort,,2024-03
209,77,MIA,2024-03-11,6060,Software & IT,Opex,No,2142.0,0.0,MIA software & IT subscriptions - 2024-03,Cash,,2024-03
210,77,MIA,2024-03-11,1000,Cash - Operating,Asset,No,0.0,2142.0,MIA software & IT subscriptions - 2024-03,Cash,,2024-03
211,78,MIA,2024-03-31,7000,Depreciation Expense,Opex,No,1100.0,0.0,MIA monthly depreciation - 2024-03,Adjusting Entry,,2024-03
212,78,MIA,2024-03-31,1500,"Fixed Assets, Net",Asset,No,0.0,1100.0,MIA monthly depreciation - 2024-03,Adjusting Entry,,2024-03
213,79,MIA,2024-03-05,2000,Accounts Payable,Liability,No,3814.84,0.0,MIA AP payment run (prior month invoices) - 2024-03,Cash,,2024-03
214,79,MIA,2024-03-05,1000,Cash - Operating,Asset,No,0.0,3814.84,MIA AP payment run (prior month invoices) - 2024-03,Cash,,2024-03
215,80,CHI,2024-03-12,1100,Accounts Receivable,Asset,No,57700.35,0.0,CHI legal fees billed - 2024-03,Billing,,2024-03
216,80,CHI,2024-03-12,4010,Litigation Fees,Revenue,No,0.0,24234.15,CHI legal fees billed - 2024-03,Billing,,2024-03
217,80,CHI,2024-03-12,4020,Corporate & Transactional Fees,Revenue,No,0.0,19041.12,CHI legal fees billed - 2024-03,Billing,,2024-03
218,80,CHI,2024-03-12,4030,Family Law Fees,Revenue,No,0.0,14425.08,CHI legal fees billed - 2024-03,Billing,,2024-03
219,81,CHI,2024-03-25,1000,Cash - Operating,Asset,No,51195.95,0.0,CHI client fee collections - 2024-03,Cash Receipt,,2024-03
220,81,CHI,2024-03-25,1100,Accounts Receivable,Asset,No,0.0,51195.95,CHI client fee collections - 2024-03,Cash Receipt,,2024-03
221,82,CHI,2024-03-15,5010,Court Filing Fees,COGS,No,3277.0,0.0,CHI direct case costs - 2024-03,AP/Cash,,2024-03
222,82,CHI,2024-03-15,5020,Expert Witness Fees,COGS,No,2681.19,0.0,CHI direct case costs - 2024-03,AP/Cash,,2024-03
223,82,CHI,2024-03-15,1000,Cash - Operating,Asset,No,0.0,4170.73,CHI direct case costs - 2024-03,AP/Cash,,2024-03
224,82,CHI,2024-03-15,2000,Accounts Payable,Liability,No,0.0,1787.46,CHI direct case costs - 2024-03,AP/Cash,,2024-03
225,83,CHI,2024-03-28,6010,Attorney & Staff Payroll,Opex,No,26030.08,0.0,CHI payroll run - 2024-03,Payroll,,2024-03
226,83,CHI,2024-03-28,6020,Payroll Taxes & Benefits,Opex,No,3644.21,0.0,CHI payroll run - 2024-03,Payroll,,2024-03
227,83,CHI,2024-03-28,1000,Cash - Operating,Asset,No,0.0,29639.51,CHI payroll run - 2024-03,Payroll,,2024-03
228,83,CHI,2024-03-28,2100,Accrued Payroll,Liability,No,0.0,2967.43,CHI payroll run - 2024-03,Payroll,,2024-03
229,83,CHI,2024-03-28,2100,Accrued Payroll,Liability,No,2932.65,0.0,CHI payroll run - 2024-03,Payroll,,2024-03
230,84,CHI,2024-03-01,6030,Office Rent,Opex,No,4258.16,0.0,CHI office rent - 2024-03,Cash,,2024-03
231,84,CHI,2024-03-01,1000,Cash - Operating,Asset,No,0.0,4258.16,CHI office rent - 2024-03,Cash,,2024-03
232,85,CHI,2024-03-18,6040,Marketing & Business Development,Opex,No,1959.93,0.0,CHI marketing spend - 2024-03,AP/Cash,,2024-03
233,85,CHI,2024-03-18,1000,Cash - Operating,Asset,No,0.0,1567.94,CHI marketing spend - 2024-03,AP/Cash,,2024-03
234,85,CHI,2024-03-18,2000,Accounts Payable,Liability,No,0.0,391.99,CHI marketing spend - 2024-03,AP/Cash,,2024-03
235,86,CHI,2024-03-01,6050,Professional Insurance,Opex,No,899.0,0.0,CHI malpractice insurance amortization - 2024-03,Prepaid Amort,,2024-03
236,86,CHI,2024-03-01,1200,Prepaid Expenses,Asset,No,0.0,899.0,CHI malpractice insurance amortization - 2024-03,Prepaid Amort,,2024-03
237,87,CHI,2024-03-11,6060,Software & IT,Opex,No,1328.04,0.0,CHI software & IT subscriptions - 2024-03,Cash,,2024-03
238,87,CHI,2024-03-11,1000,Cash - Operating,Asset,No,0.0,1328.04,CHI software & IT subscriptions - 2024-03,Cash,,2024-03
239,88,CHI,2024-03-31,7000,Depreciation Expense,Opex,No,682.0,0.0,CHI monthly depreciation - 2024-03,Adjusting Entry,,2024-03
240,88,CHI,2024-03-31,1500,"Fixed Assets, Net",Asset,No,0.0,682.0,CHI monthly depreciation - 2024-03,Adjusting Entry,,2024-03
241,89,CHI,2024-03-05,2000,Accounts Payable,Liability,No,2272.08,0.0,CHI AP payment run (prior month invoices) - 2024-03,Cash,,2024-03
242,89,CHI,2024-03-05,1000,Cash - Operating,Asset,No,0.0,2272.08,CHI AP payment run (prior month invoices) - 2024-03,Cash,,2024-03
243,90,DAL,2024-03-12,1100,Accounts Receivable,Asset,No,57987.91,0.0,DAL legal fees billed - 2024-03,Billing,,2024-03
244,90,DAL,2024-03-12,4010,Litigation Fees,Revenue,No,0.0,24354.92,DAL legal fees billed - 2024-03,Billing,,2024-03
245,90,DAL,2024-03-12,4020,Corporate & Transactional Fees,Revenue,No,0.0,19136.01,DAL legal fees billed - 2024-03,Billing,,2024-03
246,90,DAL,2024-03-12,4030,Family Law Fees,Revenue,No,0.0,14496.98,DAL legal fees billed - 2024-03,Billing,,2024-03
247,91,DAL,2024-03-25,1000,Cash - Operating,Asset,No,51082.62,0.0,DAL client fee collections - 2024-03,Cash Receipt,,2024-03
248,91,DAL,2024-03-25,1100,Accounts Receivable,Asset,No,0.0,51082.62,DAL client fee collections - 2024-03,Cash Receipt,,2024-03
249,92,DAL,2024-03-15,5010,Court Filing Fees,COGS,No,3293.33,0.0,DAL direct case costs - 2024-03,AP/Cash,,2024-03
250,92,DAL,2024-03-15,5020,Expert Witness Fees,COGS,No,2694.55,0.0,DAL direct case costs - 2024-03,AP/Cash,,2024-03
251,92,DAL,2024-03-15,1000,Cash - Operating,Asset,No,0.0,4191.52,DAL direct case costs - 2024-03,AP/Cash,,2024-03
252,92,DAL,2024-03-15,2000,Accounts Payable,Liability,No,0.0,1796.36,DAL direct case costs - 2024-03,AP/Cash,,2024-03
253,93,DAL,2024-03-28,6010,Attorney & Staff Payroll,Opex,No,23091.2,0.0,DAL payroll run - 2024-03,Payroll,,2024-03
254,93,DAL,2024-03-28,6020,Payroll Taxes & Benefits,Opex,No,3232.77,0.0,DAL payroll run - 2024-03,Payroll,,2024-03
255,93,DAL,2024-03-28,1000,Cash - Operating,Asset,No,0.0,26293.12,DAL payroll run - 2024-03,Payroll,,2024-03
256,93,DAL,2024-03-28,2100,Accrued Payroll,Liability,No,0.0,2632.4,DAL payroll run - 2024-03,Payroll,,2024-03
257,93,DAL,2024-03-28,2100,Accrued Payroll,Liability,No,2601.55,0.0,DAL payroll run - 2024-03,Payroll,,2024-03
258,94,DAL,2024-03-01,6030,Office Rent,Opex,No,3777.4,0.0,DAL office rent - 2024-03,Cash,,2024-03
259,94,DAL,2024-03-01,1000,Cash - Operating,Asset,No,0.0,3777.4,DAL office rent - 2024-03,Cash,,2024-03
260,95,DAL,2024-03-18,6040,Marketing & Business Development,Opex,No,1969.7,0.0,DAL marketing spend - 2024-03,AP/Cash,,2024-03
261,95,DAL,2024-03-18,1000,Cash - Operating,Asset,No,0.0,1575.76,DAL marketing spend - 2024-03,AP/Cash,,2024-03
262,95,DAL,2024-03-18,2000,Accounts Payable,Liability,No,0.0,393.94,DAL marketing spend - 2024-03,AP/Cash,,2024-03
263,96,DAL,2024-03-01,6050,Professional Insurance,Opex,No,797.5,0.0,DAL malpractice insurance amortization - 2024-03,Prepaid Amort,,2024-03
264,96,DAL,2024-03-01,1200,Prepaid Expenses,Asset,No,0.0,797.5,DAL malpractice insurance amortization - 2024-03,Prepaid Amort,,2024-03
265,97,DAL,2024-03-11,6060,Software & IT,Opex,No,1178.1,0.0,DAL software & IT subscriptions - 2024-03,Cash,,2024-03
266,97,DAL,2024-03-11,1000,Cash - Operating,Asset,No,0.0,1178.1,DAL software & IT subscriptions - 2024-03,Cash,,2024-03
267,98,DAL,2024-03-31,7000,Depreciation Expense,Opex,No,605.0,0.0,DAL monthly depreciation - 2024-03,Adjusting Entry,,2024-03
268,98,DAL,2024-03-31,1500,"Fixed Assets, Net",Asset,No,0.0,605.0,DAL monthly depreciation - 2024-03,Adjusting Entry,,2024-03
269,99,DAL,2024-03-05,2000,Accounts Payable,Liability,No,2166.44,0.0,DAL AP payment run (prior month invoices) - 2024-03,Cash,,2024-03
270,99,DAL,2024-03-05,1000,Cash - Operating,Asset,No,0.0,2166.44,DAL AP payment run (prior month invoices) - 2024-03,Cash,,2024-03
271,100,MIA,2024-03-20,1300,Intercompany Receivable,Asset,Yes,3288.48,0.0,Shared services billed to branch 2 - 2024-03,Intercompany,CHI,2024-03
272,100,MIA,2024-03-20,4090,Intercompany Shared Services Revenue,Revenue,Yes,0.0,3288.48,Shared services billed to branch 2 - 2024-03,Intercompany,CHI,2024-03
273,101,CHI,2024-03-20,6070,Shared Services Allocation (Intercompany),Opex,Yes,3288.48,0.0,Shared services allocation from HQ - 2024-03,Intercompany,MIA,2024-03
274,101,CHI,2024-03-20,2200,Intercompany Payable,Liability,Yes,0.0,3288.48,Shared services allocation from HQ - 2024-03,Intercompany,MIA,2024-03
275,102,CHI,2024-03-25,2200,Intercompany Payable,Liability,Yes,3256.24,0.0,Intercompany settlement paid to HQ - 2024-03,Intercompany Cash,MIA,2024-03
276,102,CHI,2024-03-25,1000,Cash - Operating,Asset,No,0.0,3256.24,Intercompany settlement paid to HQ - 2024-03,Intercompany Cash,MIA,2024-03
277,103,MIA,2024-03-25,1000,Cash - Operating,Asset,No,3256.24,0.0,Intercompany settlement received from branch 2 - 2024-03,Intercompany Cash,CHI,2024-03
278,103,MIA,2024-03-25,1300,Intercompany Receivable,Asset,Yes,0.0,3256.24,Intercompany settlement received from branch 2 - 2024-03,Intercompany Cash,CHI,2024-03
279,104,MIA,2024-03-20,1300,Intercompany Receivable,Asset,Yes,2917.2,0.0,Shared services billed to branch 3 - 2024-03,Intercompany,DAL,2024-03
280,104,MIA,2024-03-20,4090,Intercompany Shared Services Revenue,Revenue,Yes,0.0,2917.2,Shared services billed to branch 3 - 2024-03,Intercompany,DAL,2024-03
281,105,DAL,2024-03-20,6070,Shared Services Allocation (Intercompany),Opex,Yes,2917.2,0.0,Shared services allocation from HQ - 2024-03,Intercompany,MIA,2024-03
282,105,DAL,2024-03-20,2200,Intercompany Payable,Liability,Yes,0.0,2917.2,Shared services allocation from HQ - 2024-03,Intercompany,MIA,2024-03
283,106,DAL,2024-03-25,2200,Intercompany Payable,Liability,Yes,2888.6,0.0,Intercompany settlement paid to HQ - 2024-03,Intercompany Cash,MIA,2024-03
284,106,DAL,2024-03-25,1000,Cash - Operating,Asset,No,0.0,2888.6,Intercompany settlement paid to HQ - 2024-03,Intercompany Cash,MIA,2024-03
285,107,MIA,2024-03-25,1000,Cash - Operating,Asset,No,2888.6,0.0,Intercompany settlement received from branch 3 - 2024-03,Intercompany Cash,DAL,2024-03
286,107,MIA,2024-03-25,1300,Intercompany Receivable,Asset,Yes,0.0,2888.6,Intercompany settlement received from branch 3 - 2024-03,Intercompany Cash,DAL,2024-03
287,108,MIA,2024-04-12,1100,Accounts Receivable,Asset,No,95294.77,0.0,MIA legal fees billed - 2024-04,Billing,,2024-04
288,108,MIA,2024-04-12,4010,Litigation Fees,Revenue,No,0.0,40023.8,MIA legal fees billed - 2024-04,Billing,,2024-04
289,108,MIA,2024-04-12,4020,Corporate & Transactional Fees,Revenue,No,0.0,31447.27,MIA legal fees billed - 2024-04,Billing,,2024-04
290,108,MIA,2024-04-12,4030,Family Law Fees,Revenue,No,0.0,23823.7,MIA legal fees billed - 2024-04,Billing,,2024-04
291,109,MIA,2024-04-24,1000,Cash - Operating,Asset,No,87675.66,0.0,MIA client fee collections - 2024-04,Cash Receipt,,2024-04
292,109,MIA,2024-04-24,1100,Accounts Receivable,Asset,No,0.0,87675.66,MIA client fee collections - 2024-04,Cash Receipt,,2024-04
293,110,MIA,2024-04-15,5010,Court Filing Fees,COGS,No,5412.12,0.0,MIA direct case costs - 2024-04,AP/Cash,,2024-04
294,110,MIA,2024-04-15,5020,Expert Witness Fees,COGS,No,4428.1,0.0,MIA direct case costs - 2024-04,AP/Cash,,2024-04
295,110,MIA,2024-04-15,1000,Cash - Operating,Asset,No,0.0,6888.15,MIA direct case costs - 2024-04,AP/Cash,,2024-04
296,110,MIA,2024-04-15,2000,Accounts Payable,Liability,No,0.0,2952.07,MIA direct case costs - 2024-04,AP/Cash,,2024-04
297,111,MIA,2024-04-29,6010,Attorney & Staff Payroll,Opex,No,42476.0,0.0,MIA payroll run - 2024-04,Payroll,,2024-04
298,111,MIA,2024-04-29,6020,Payroll Taxes & Benefits,Opex,No,5946.64,0.0,MIA payroll run - 2024-04,Payroll,,2024-04
299,111,MIA,2024-04-29,1000,Cash - Operating,Asset,No,0.0,48366.56,MIA payroll run - 2024-04,Payroll,,2024-04
300,111,MIA,2024-04-29,2100,Accrued Payroll,Liability,No,0.0,4842.26,MIA payroll run - 2024-04,Payroll,,2024-04
301,111,MIA,2024-04-29,2100,Accrued Payroll,Liability,No,4786.18,0.0,MIA payroll run - 2024-04,Payroll,,2024-04
302,112,MIA,2024-04-01,6030,Office Rent,Opex,No,6902.0,0.0,MIA office rent - 2024-04,Cash,,2024-04
303,112,MIA,2024-04-01,1000,Cash - Operating,Asset,No,0.0,6902.0,MIA office rent - 2024-04,Cash,,2024-04
304,113,MIA,2024-04-18,6040,Marketing & Business Development,Opex,No,3199.42,0.0,MIA marketing spend - 2024-04,AP/Cash,,2024-04
305,113,MIA,2024-04-18,1000,Cash - Operating,Asset,No,0.0,2559.54,MIA marketing spend - 2024-04,AP/Cash,,2024-04
306,113,MIA,2024-04-18,2000,Accounts Payable,Liability,No,0.0,639.88,MIA marketing spend - 2024-04,AP/Cash,,2024-04
307,114,MIA,2024-04-01,6050,Professional Insurance,Opex,No,1450.0,0.0,MIA malpractice insurance amortization - 2024-04,Prepaid Amort,,2024-04
308,114,MIA,2024-04-01,1200,Prepaid Expenses,Asset,No,0.0,1450.0,MIA malpractice insurance amortization - 2024-04,Prepaid Amort,,2024-04
309,115,MIA,2024-04-09,6060,Software & IT,Opex,No,2163.0,0.0,MIA software & IT subscriptions - 2024-04,Cash,,2024-04
310,115,MIA,2024-04-09,1000,Cash - Operating,Asset,No,0.0,2163.0,MIA software & IT subscriptions - 2024-04,Cash,,2024-04
311,116,MIA,2024-04-30,7000,Depreciation Expense,Opex,No,1100.0,0.0,MIA monthly depreciation - 2024-04,Adjusting Entry,,2024-04
312,116,MIA,2024-04-30,1500,"Fixed Assets, Net",Asset,No,0.0,1100.0,MIA monthly depreciation - 2024-04,Adjusting Entry,,2024-04
313,117,MIA,2024-04-05,2000,Accounts Payable,Liability,No,3888.62,0.0,MIA AP payment run (prior month invoices) - 2024-04,Cash,,2024-04
314,117,MIA,2024-04-05,1000,Cash - Operating,Asset,No,0.0,3888.62,MIA AP payment run (prior month invoices) - 2024-04,Cash,,2024-04
315,118,CHI,2024-04-12,1100,Accounts Receivable,Asset,No,63097.16,0.0,CHI legal fees billed - 2024-04,Billing,,2024-04
316,118,CHI,2024-04-12,4010,Litigation Fees,Revenue,No,0.0,26500.81,CHI legal fees billed - 2024-04,Billing,,2024-04
317,118,CHI,2024-04-12,4020,Corporate & Transactional Fees,Revenue,No,0.0,20822.06,CHI legal fees billed - 2024-04,Billing,,2024-04
318,118,CHI,2024-04-12,4030,Family Law Fees,Revenue,No,0.0,15774.29,CHI legal fees billed - 2024-04,Billing,,2024-04
319,119,CHI,2024-04-24,1000,Cash - Operating,Asset,No,55528.39,0.0,CHI client fee collections - 2024-04,Cash Receipt,,2024-04
320,119,CHI,2024-04-24,1100,Accounts Receivable,Asset,No,0.0,55528.39,CHI client fee collections - 2024-04,Cash Receipt,,2024-04
321,120,CHI,2024-04-15,5010,Court Filing Fees,COGS,No,3583.51,0.0,CHI direct case costs - 2024-04,AP/Cash,,2024-04
322,120,CHI,2024-04-15,5020,Expert Witness Fees,COGS,No,2931.96,0.0,CHI direct case costs - 2024-04,AP/Cash,,2024-04
323,120,CHI,2024-04-15,1000,Cash - Operating,Asset,No,0.0,4560.83,CHI direct case costs - 2024-04,AP/Cash,,2024-04
324,120,CHI,2024-04-15,2000,Accounts Payable,Liability,No,0.0,1954.64,CHI direct case costs - 2024-04,AP/Cash,,2024-04
325,121,CHI,2024-04-29,6010,Attorney & Staff Payroll,Opex,No,26335.12,0.0,CHI payroll run - 2024-04,Payroll,,2024-04
326,121,CHI,2024-04-29,6020,Payroll Taxes & Benefits,Opex,No,3686.92,0.0,CHI payroll run - 2024-04,Payroll,,2024-04
327,121,CHI,2024-04-29,1000,Cash - Operating,Asset,No,0.0,29987.27,CHI payroll run - 2024-04,Payroll,,2024-04
328,121,CHI,2024-04-29,2100,Accrued Payroll,Liability,No,0.0,3002.2,CHI payroll run - 2024-04,Payroll,,2024-04
329,121,CHI,2024-04-29,2100,Accrued Payroll,Liability,No,2967.43,0.0,CHI payroll run - 2024-04,Payroll,,2024-04
330,122,CHI,2024-04-01,6030,Office Rent,Opex,No,4279.24,0.0,CHI office rent - 2024-04,Cash,,2024-04
331,122,CHI,2024-04-01,1000,Cash - Operating,Asset,No,0.0,4279.24,CHI office rent - 2024-04,Cash,,2024-04
332,123,CHI,2024-04-18,6040,Marketing & Business Development,Opex,No,2118.42,0.0,CHI marketing spend - 2024-04,AP/Cash,,2024-04
333,123,CHI,2024-04-18,1000,Cash - Operating,Asset,No,0.0,1694.74,CHI marketing spend - 2024-04,AP/Cash,,2024-04
334,123,CHI,2024-04-18,2000,Accounts Payable,Liability,No,0.0,423.68,CHI marketing spend - 2024-04,AP/Cash,,2024-04
335,124,CHI,2024-04-01,6050,Professional Insurance,Opex,No,899.0,0.0,CHI malpractice insurance amortization - 2024-04,Prepaid Amort,,2024-04
336,124,CHI,2024-04-01,1200,Prepaid Expenses,Asset,No,0.0,899.0,CHI malpractice insurance amortization - 2024-04,Prepaid Amort,,2024-04
337,125,CHI,2024-04-09,6060,Software & IT,Opex,No,1341.06,0.0,CHI software & IT subscriptions - 2024-04,Cash,,2024-04
338,125,CHI,2024-04-09,1000,Cash - Operating,Asset,No,0.0,1341.06,CHI software & IT subscriptions - 2024-04,Cash,,2024-04
339,126,CHI,2024-04-30,7000,Depreciation Expense,Opex,No,682.0,0.0,CHI monthly depreciation - 2024-04,Adjusting Entry,,2024-04
340,126,CHI,2024-04-30,1500,"Fixed Assets, Net",Asset,No,0.0,682.0,CHI monthly depreciation - 2024-04,Adjusting Entry,,2024-04
341,127,CHI,2024-04-05,2000,Accounts Payable,Liability,No,2179.45,0.0,CHI AP payment run (prior month invoices) - 2024-04,Cash,,2024-04
342,127,CHI,2024-04-05,1000,Cash - Operating,Asset,No,0.0,2179.45,CHI AP payment run (prior month invoices) - 2024-04,Cash,,2024-04
343,128,DAL,2024-04-12,1100,Accounts Receivable,Asset,No,57305.31,0.0,DAL legal fees billed - 2024-04,Billing,,2024-04
344,128,DAL,2024-04-12,4010,Litigation Fees,Revenue,No,0.0,24068.23,DAL legal fees billed - 2024-04,Billing,,2024-04
345,128,DAL,2024-04-12,4020,Corporate & Transactional Fees,Revenue,No,0.0,18910.75,DAL legal fees billed - 2024-04,Billing,,2024-04
346,128,DAL,2024-04-12,4030,Family Law Fees,Revenue,No,0.0,14326.33,DAL legal fees billed - 2024-04,Billing,,2024-04
347,129,DAL,2024-04-24,1000,Cash - Operating,Asset,No,50745.97,0.0,DAL client fee collections - 2024-04,Cash Receipt,,2024-04
348,129,DAL,2024-04-24,1100,Accounts Receivable,Asset,No,0.0,50745.97,DAL client fee collections - 2024-04,Cash Receipt,,2024-04
349,130,DAL,2024-04-15,5010,Court Filing Fees,COGS,No,3254.57,0.0,DAL direct case costs - 2024-04,AP/Cash,,2024-04
350,130,DAL,2024-04-15,5020,Expert Witness Fees,COGS,No,2662.83,0.0,DAL direct case costs - 2024-04,AP/Cash,,2024-04
351,130,DAL,2024-04-15,1000,Cash - Operating,Asset,No,0.0,4142.18,DAL direct case costs - 2024-04,AP/Cash,,2024-04
352,130,DAL,2024-04-15,2000,Accounts Payable,Liability,No,0.0,1775.22,DAL direct case costs - 2024-04,AP/Cash,,2024-04
353,131,DAL,2024-04-29,6010,Attorney & Staff Payroll,Opex,No,23361.8,0.0,DAL payroll run - 2024-04,Payroll,,2024-04
354,131,DAL,2024-04-29,6020,Payroll Taxes & Benefits,Opex,No,3270.65,0.0,DAL payroll run - 2024-04,Payroll,,2024-04
355,131,DAL,2024-04-29,1000,Cash - Operating,Asset,No,0.0,26601.61,DAL payroll run - 2024-04,Payroll,,2024-04
356,131,DAL,2024-04-29,2100,Accrued Payroll,Liability,No,0.0,2663.24,DAL payroll run - 2024-04,Payroll,,2024-04
357,131,DAL,2024-04-29,2100,Accrued Payroll,Liability,No,2632.4,0.0,DAL payroll run - 2024-04,Payroll,,2024-04
358,132,DAL,2024-04-01,6030,Office Rent,Opex,No,3796.1,0.0,DAL office rent - 2024-04,Cash,,2024-04
359,132,DAL,2024-04-01,1000,Cash - Operating,Asset,No,0.0,3796.1,DAL office rent - 2024-04,Cash,,2024-04
360,133,DAL,2024-04-18,6040,Marketing & Business Development,Opex,No,1923.97,0.0,DAL marketing spend - 2024-04,AP/Cash,,2024-04
361,133,DAL,2024-04-18,1000,Cash - Operating,Asset,No,0.0,1539.18,DAL marketing spend - 2024-04,AP/Cash,,2024-04
362,133,DAL,2024-04-18,2000,Accounts Payable,Liability,No,0.0,384.79,DAL marketing spend - 2024-04,AP/Cash,,2024-04
363,134,DAL,2024-04-01,6050,Professional Insurance,Opex,No,797.5,0.0,DAL malpractice insurance amortization - 2024-04,Prepaid Amort,,2024-04
364,134,DAL,2024-04-01,1200,Prepaid Expenses,Asset,No,0.0,797.5,DAL malpractice insurance amortization - 2024-04,Prepaid Amort,,2024-04
365,135,DAL,2024-04-09,6060,Software & IT,Opex,No,1189.65,0.0,DAL software & IT subscriptions - 2024-04,Cash,,2024-04
366,135,DAL,2024-04-09,1000,Cash - Operating,Asset,No,0.0,1189.65,DAL software & IT subscriptions - 2024-04,Cash,,2024-04
367,136,DAL,2024-04-30,7000,Depreciation Expense,Opex,No,605.0,0.0,DAL monthly depreciation - 2024-04,Adjusting Entry,,2024-04
368,136,DAL,2024-04-30,1500,"Fixed Assets, Net",Asset,No,0.0,605.0,DAL monthly depreciation - 2024-04,Adjusting Entry,,2024-04
369,137,DAL,2024-04-05,2000,Accounts Payable,Liability,No,2190.3,0.0,DAL AP payment run (prior month invoices) - 2024-04,Cash,,2024-04
370,137,DAL,2024-04-05,1000,Cash - Operating,Asset,No,0.0,2190.3,DAL AP payment run (prior month invoices) - 2024-04,Cash,,2024-04
371,138,MIA,2024-04-22,1300,Intercompany Receivable,Asset,Yes,3320.72,0.0,Shared services billed to branch 2 - 2024-04,Intercompany,CHI,2024-04
372,138,MIA,2024-04-22,4090,Intercompany Shared Services Revenue,Revenue,Yes,0.0,3320.72,Shared services billed to branch 2 - 2024-04,Intercompany,CHI,2024-04
373,139,CHI,2024-04-22,6070,Shared Services Allocation (Intercompany),Opex,Yes,3320.72,0.0,Shared services allocation from HQ - 2024-04,Intercompany,MIA,2024-04
374,139,CHI,2024-04-22,2200,Intercompany Payable,Liability,Yes,0.0,3320.72,Shared services allocation from HQ - 2024-04,Intercompany,MIA,2024-04
375,140,CHI,2024-04-25,2200,Intercompany Payable,Liability,Yes,3288.48,0.0,Intercompany settlement paid to HQ - 2024-04,Intercompany Cash,MIA,2024-04
376,140,CHI,2024-04-25,1000,Cash - Operating,Asset,No,0.0,3288.48,Intercompany settlement paid to HQ - 2024-04,Intercompany Cash,MIA,2024-04
377,141,MIA,2024-04-25,1000,Cash - Operating,Asset,No,3288.48,0.0,Intercompany settlement received from branch 2 - 2024-04,Intercompany Cash,CHI,2024-04
378,141,MIA,2024-04-25,1300,Intercompany Receivable,Asset,Yes,0.0,3288.48,Intercompany settlement received from branch 2 - 2024-04,Intercompany Cash,CHI,2024-04
379,142,MIA,2024-04-22,1300,Intercompany Receivable,Asset,Yes,2945.8,0.0,Shared services billed to branch 3 - 2024-04,Intercompany,DAL,2024-04
380,142,MIA,2024-04-22,4090,Intercompany Shared Services Revenue,Revenue,Yes,0.0,2945.8,Shared services billed to branch 3 - 2024-04,Intercompany,DAL,2024-04
381,143,DAL,2024-04-22,6070,Shared Services Allocation (Intercompany),Opex,Yes,2945.8,0.0,Shared services allocation from HQ - 2024-04,Intercompany,MIA,2024-04
382,143,DAL,2024-04-22,2200,Intercompany Payable,Liability,Yes,0.0,2945.8,Shared services allocation from HQ - 2024-04,Intercompany,MIA,2024-04
383,144,DAL,2024-04-25,2200,Intercompany Payable,Liability,Yes,2917.2,0.0,Intercompany settlement paid to HQ - 2024-04,Intercompany Cash,MIA,2024-04
384,144,DAL,2024-04-25,1000,Cash - Operating,Asset,No,0.0,2917.2,Intercompany settlement paid to HQ - 2024-04,Intercompany Cash,MIA,2024-04
385,145,MIA,2024-04-25,1000,Cash - Operating,Asset,No,2917.2,0.0,Intercompany settlement received from branch 3 - 2024-04,Intercompany Cash,DAL,2024-04
386,145,MIA,2024-04-25,1300,Intercompany Receivable,Asset,Yes,0.0,2917.2,Intercompany settlement received from branch 3 - 2024-04,Intercompany Cash,DAL,2024-04
387,146,MIA,2024-05-13,1100,Accounts Receivable,Asset,No,95749.8,0.0,MIA legal fees billed - 2024-05,Billing,,2024-05
388,146,MIA,2024-05-13,4010,Litigation Fees,Revenue,No,0.0,40214.92,MIA legal fees billed - 2024-05,Billing,,2024-05
389,146,MIA,2024-05-13,4020,Corporate & Transactional Fees,Revenue,No,0.0,31597.43,MIA legal fees billed - 2024-05,Billing,,2024-05
390,146,MIA,2024-05-13,4030,Family Law Fees,Revenue,No,0.0,23937.45,MIA legal fees billed - 2024-05,Billing,,2024-05
391,147,MIA,2024-05-24,1000,Cash - Operating,Asset,No,85800.64,0.0,MIA client fee collections - 2024-05,Cash Receipt,,2024-05
392,147,MIA,2024-05-24,1100,Accounts Receivable,Asset,No,0.0,85800.64,MIA client fee collections - 2024-05,Cash Receipt,,2024-05
393,148,MIA,2024-05-15,5010,Court Filing Fees,COGS,No,5437.97,0.0,MIA direct case costs - 2024-05,AP/Cash,,2024-05
394,148,MIA,2024-05-15,5020,Expert Witness Fees,COGS,No,4449.24,0.0,MIA direct case costs - 2024-05,AP/Cash,,2024-05
395,148,MIA,2024-05-15,1000,Cash - Operating,Asset,No,0.0,6921.05,MIA direct case costs - 2024-05,AP/Cash,,2024-05
396,148,MIA,2024-05-15,2000,Accounts Payable,Liability,No,0.0,2966.16,MIA direct case costs - 2024-05,AP/Cash,,2024-05
397,149,MIA,2024-05-28,6010,Attorney & Staff Payroll,Opex,No,42968.0,0.0,MIA payroll run - 2024-05,Payroll,,2024-05
398,149,MIA,2024-05-28,6020,Payroll Taxes & Benefits,Opex,No,6015.52,0.0,MIA payroll run - 2024-05,Payroll,,2024-05
399,149,MIA,2024-05-28,1000,Cash - Operating,Asset,No,0.0,48927.43,MIA payroll run - 2024-05,Payroll,,2024-05
400,149,MIA,2024-05-28,2100,Accrued Payroll,Liability,No,0.0,4898.35,MIA payroll run - 2024-05,Payroll,,2024-05
401,149,MIA,2024-05-28,2100,Accrued Payroll,Liability,No,4842.26,0.0,MIA payroll run - 2024-05,Payroll,,2024-05
402,150,MIA,2024-05-01,6030,Office Rent,Opex,No,6936.0,0.0,MIA office rent - 2024-05,Cash,,2024-05
403,150,MIA,2024-05-01,1000,Cash - Operating,Asset,No,0.0,6936.0,MIA office rent - 2024-05,Cash,,2024-05
404,151,MIA,2024-05-20,6040,Marketing & Business Development,Opex,No,3177.89,0.0,MIA marketing spend - 2024-05,AP/Cash,,2024-05
405,151,MIA,2024-05-20,1000,Cash - Operating,Asset,No,0.0,2542.31,MIA marketing spend - 2024-05,AP/Cash,,2024-05
406,151,MIA,2024-05-20,2000,Accounts Payable,Liability,No,0.0,635.58,MIA marketing spend - 2024-05,AP/Cash,,2024-05
407,152,MIA,2024-05-01,6050,Professional Insurance,Opex,No,1450.0,0.0,MIA malpractice insurance amortization - 2024-05,Prepaid Amort,,2024-05
408,152,MIA,2024-05-01,1200,Prepaid Expenses,Asset,No,0.0,1450.0,MIA malpractice insurance amortization - 2024-05,Prepaid Amort,,2024-05
409,153,MIA,2024-05-09,6060,Software & IT,Opex,No,2184.0,0.0,MIA software & IT subscriptions - 2024-05,Cash,,2024-05
410,153,MIA,2024-05-09,1000,Cash - Operating,Asset,No,0.0,2184.0,MIA software & IT subscriptions - 2024-05,Cash,,2024-05
411,154,MIA,2024-05-31,7000,Depreciation Expense,Opex,No,1100.0,0.0,MIA monthly depreciation - 2024-05,Adjusting Entry,,2024-05
412,154,MIA,2024-05-31,1500,"Fixed Assets, Net",Asset,No,0.0,1100.0,MIA monthly depreciation - 2024-05,Adjusting Entry,,2024-05
413,155,MIA,2024-05-06,2000,Accounts Payable,Liability,No,3591.95,0.0,MIA AP payment run (prior month invoices) - 2024-05,Cash,,2024-05
414,155,MIA,2024-05-06,1000,Cash - Operating,Asset,No,0.0,3591.95,MIA AP payment run (prior month invoices) - 2024-05,Cash,,2024-05
415,156,CHI,2024-05-13,1100,Accounts Receivable,Asset,No,58246.34,0.0,CHI legal fees billed - 2024-05,Billing,,2024-05
416,156,CHI,2024-05-13,4010,Litigation Fees,Revenue,No,0.0,24463.46,CHI legal fees billed - 2024-05,Billing,,2024-05
417,156,CHI,2024-05-13,4020,Corporate & Transactional Fees,Revenue,No,0.0,19221.29,CHI legal fees billed - 2024-05,Billing,,2024-05
418,156,CHI,2024-05-13,4030,Family Law Fees,Revenue,No,0.0,14561.59,CHI legal fees billed - 2024-05,Billing,,2024-05
419,157,CHI,2024-05-24,1000,Cash - Operating,Asset,No,51587.59,0.0,CHI client fee collections - 2024-05,Cash Receipt,,2024-05
420,157,CHI,2024-05-24,1100,Accounts Receivable,Asset,No,0.0,51587.59,CHI client fee collections - 2024-05,Cash Receipt,,2024-05
421,158,CHI,2024-05-15,5010,Court Filing Fees,COGS,No,3308.01,0.0,CHI direct case costs - 2024-05,AP/Cash,,2024-05
422,158,CHI,2024-05-15,5020,Expert Witness Fees,COGS,No,2706.56,0.0,CHI direct case costs - 2024-05,AP/Cash,,2024-05
423,158,CHI,2024-05-15,1000,Cash - Operating,Asset,No,0.0,4210.2,CHI direct case costs - 2024-05,AP/Cash,,2024-05
424,158,CHI,2024-05-15,2000,Accounts Payable,Liability,No,0.0,1804.37,CHI direct case costs - 2024-05,AP/Cash,,2024-05
425,159,CHI,2024-05-28,6010,Attorney & Staff Payroll,Opex,No,26640.16,0.0,CHI payroll run - 2024-05,Payroll,,2024-05
426,159,CHI,2024-05-28,6020,Payroll Taxes & Benefits,Opex,No,3729.62,0.0,CHI payroll run - 2024-05,Payroll,,2024-05
427,159,CHI,2024-05-28,1000,Cash - Operating,Asset,No,0.0,30335.0,CHI payroll run - 2024-05,Payroll,,2024-05
428,159,CHI,2024-05-28,2100,Accrued Payroll,Liability,No,0.0,3036.98,CHI payroll run - 2024-05,Payroll,,2024-05
429,159,CHI,2024-05-28,2100,Accrued Payroll,Liability,No,3002.2,0.0,CHI payroll run - 2024-05,Payroll,,2024-05
430,160,CHI,2024-05-01,6030,Office Rent,Opex,No,4300.32,0.0,CHI office rent - 2024-05,Cash,,2024-05
431,160,CHI,2024-05-01,1000,Cash - Operating,Asset,No,0.0,4300.32,CHI office rent - 2024-05,Cash,,2024-05
432,161,CHI,2024-05-20,6040,Marketing & Business Development,Opex,No,1933.17,0.0,CHI marketing spend - 2024-05,AP/Cash,,2024-05
433,161,CHI,2024-05-20,1000,Cash - Operating,Asset,No,0.0,1546.54,CHI marketing spend - 2024-05,AP/Cash,,2024-05
434,161,CHI,2024-05-20,2000,Accounts Payable,Liability,No,0.0,386.63,CHI marketing spend - 2024-05,AP/Cash,,2024-05
435,162,CHI,2024-05-01,6050,Professional Insurance,Opex,No,899.0,0.0,CHI malpractice insurance amortization - 2024-05,Prepaid Amort,,2024-05
436,162,CHI,2024-05-01,1200,Prepaid Expenses,Asset,No,0.0,899.0,CHI malpractice insurance amortization - 2024-05,Prepaid Amort,,2024-05
437,163,CHI,2024-05-09,6060,Software & IT,Opex,No,1354.08,0.0,CHI software & IT subscriptions - 2024-05,Cash,,2024-05
438,163,CHI,2024-05-09,1000,Cash - Operating,Asset,No,0.0,1354.08,CHI software & IT subscriptions - 2024-05,Cash,,2024-05
439,164,CHI,2024-05-31,7000,Depreciation Expense,Opex,No,682.0,0.0,CHI monthly depreciation - 2024-05,Adjusting Entry,,2024-05
440,164,CHI,2024-05-31,1500,"Fixed Assets, Net",Asset,No,0.0,682.0,CHI monthly depreciation - 2024-05,Adjusting Entry,,2024-05
441,165,CHI,2024-05-06,2000,Accounts Payable,Liability,No,2378.32,0.0,CHI AP payment run (prior month invoices) - 2024-05,Cash,,2024-05
442,165,CHI,2024-05-06,1000,Cash - Operating,Asset,No,0.0,2378.32,CHI AP payment run (prior month invoices) - 2024-05,Cash,,2024-05
443,166,DAL,2024-05-13,1100,Accounts Receivable,Asset,No,50225.28,0.0,DAL legal fees billed - 2024-05,Billing,,2024-05
444,166,DAL,2024-05-13,4010,Litigation Fees,Revenue,No,0.0,21094.62,DAL legal fees billed - 2024-05,Billing,,2024-05
445,166,DAL,2024-05-13,4020,Corporate & Transactional Fees,Revenue,No,0.0,16574.34,DAL legal fees billed - 2024-05,Billing,,2024-05
446,166,DAL,2024-05-13,4030,Family Law Fees,Revenue,No,0.0,12556.32,DAL legal fees billed - 2024-05,Billing,,2024-05
447,167,DAL,2024-05-24,1000,Cash - Operating,Asset,No,46097.45,0.0,DAL client fee collections - 2024-05,Cash Receipt,,2024-05
448,167,DAL,2024-05-24,1100,Accounts Receivable,Asset,No,0.0,46097.45,DAL client fee collections - 2024-05,Cash Receipt,,2024-05
449,168,DAL,2024-05-15,5010,Court Filing Fees,COGS,No,2852.47,0.0,DAL direct case costs - 2024-05,AP/Cash,,2024-05
450,168,DAL,2024-05-15,5020,Expert Witness Fees,COGS,No,2333.84,0.0,DAL direct case costs - 2024-05,AP/Cash,,2024-05
451,168,DAL,2024-05-15,1000,Cash - Operating,Asset,No,0.0,3630.42,DAL direct case costs - 2024-05,AP/Cash,,2024-05
452,168,DAL,2024-05-15,2000,Accounts Payable,Liability,No,0.0,1555.89,DAL direct case costs - 2024-05,AP/Cash,,2024-05
453,169,DAL,2024-05-28,6010,Attorney & Staff Payroll,Opex,No,23632.4,0.0,DAL payroll run - 2024-05,Payroll,,2024-05
454,169,DAL,2024-05-28,6020,Payroll Taxes & Benefits,Opex,No,3308.54,0.0,DAL payroll run - 2024-05,Payroll,,2024-05
455,169,DAL,2024-05-28,1000,Cash - Operating,Asset,No,0.0,26910.09,DAL payroll run - 2024-05,Payroll,,2024-05
456,169,DAL,2024-05-28,2100,Accrued Payroll,Liability,No,0.0,2694.09,DAL payroll run - 2024-05,Payroll,,2024-05
457,169,DAL,2024-05-28,2100,Accrued Payroll,Liability,No,2663.24,0.0,DAL payroll run - 2024-05,Payroll,,2024-05
458,170,DAL,2024-05-01,6030,Office Rent,Opex,No,3814.8,0.0,DAL office rent - 2024-05,Cash,,2024-05
459,170,DAL,2024-05-01,1000,Cash - Operating,Asset,No,0.0,3814.8,DAL office rent - 2024-05,Cash,,2024-05
460,171,DAL,2024-05-20,6040,Marketing & Business Development,Opex,No,1666.95,0.0,DAL marketing spend - 2024-05,AP/Cash,,2024-05
461,171,DAL,2024-05-20,1000,Cash - Operating,Asset,No,0.0,1333.56,DAL marketing spend - 2024-05,AP/Cash,,2024-05
462,171,DAL,2024-05-20,2000,Accounts Payable,Liability,No,0.0,333.39,DAL marketing spend - 2024-05,AP/Cash,,2024-05
463,172,DAL,2024-05-01,6050,Professional Insurance,Opex,No,797.5,0.0,DAL malpractice insurance amortization - 2024-05,Prepaid Amort,,2024-05
464,172,DAL,2024-05-01,1200,Prepaid Expenses,Asset,No,0.0,797.5,DAL malpractice insurance amortization - 2024-05,Prepaid Amort,,2024-05
465,173,DAL,2024-05-09,6060,Software & IT,Opex,No,1201.2,0.0,DAL software & IT subscriptions - 2024-05,Cash,,2024-05
466,173,DAL,2024-05-09,1000,Cash - Operating,Asset,No,0.0,1201.2,DAL software & IT subscriptions - 2024-05,Cash,,2024-05
467,174,DAL,2024-05-31,7000,Depreciation Expense,Opex,No,605.0,0.0,DAL monthly depreciation - 2024-05,Adjusting Entry,,2024-05
468,174,DAL,2024-05-31,1500,"Fixed Assets, Net",Asset,No,0.0,605.0,DAL monthly depreciation - 2024-05,Adjusting Entry,,2024-05
469,175,DAL,2024-05-06,2000,Accounts Payable,Liability,No,2160.01,0.0,DAL AP payment run (prior month invoices) - 2024-05,Cash,,2024-05
470,175,DAL,2024-05-06,1000,Cash - Operating,Asset,No,0.0,2160.01,DAL AP payment run (prior month invoices) - 2024-05,Cash,,2024-05
471,176,MIA,2024-05-20,1300,Intercompany Receivable,Asset,Yes,3352.96,0.0,Shared services billed to branch 2 - 2024-05,Intercompany,CHI,2024-05
472,176,MIA,2024-05-20,4090,Intercompany Shared Services Revenue,Revenue,Yes,0.0,3352.96,Shared services billed to branch 2 - 2024-05,Intercompany,CHI,2024-05
473,177,CHI,2024-05-20,6070,Shared Services Allocation (Intercompany),Opex,Yes,3352.96,0.0,Shared services allocation from HQ - 2024-05,Intercompany,MIA,2024-05
474,177,CHI,2024-05-20,2200,Intercompany Payable,Liability,Yes,0.0,3352.96,Shared services allocation from HQ - 2024-05,Intercompany,MIA,2024-05
475,178,CHI,2024-05-27,2200,Intercompany Payable,Liability,Yes,3320.72,0.0,Intercompany settlement paid to HQ - 2024-05,Intercompany Cash,MIA,2024-05
476,178,CHI,2024-05-27,1000,Cash - Operating,Asset,No,0.0,3320.72,Intercompany settlement paid to HQ - 2024-05,Intercompany Cash,MIA,2024-05
477,179,MIA,2024-05-27,1000,Cash - Operating,Asset,No,3320.72,0.0,Intercompany settlement received from branch 2 - 2024-05,Intercompany Cash,CHI,2024-05
478,179,MIA,2024-05-27,1300,Intercompany Receivable,Asset,Yes,0.0,3320.72,Intercompany settlement received from branch 2 - 2024-05,Intercompany Cash,CHI,2024-05
479,180,MIA,2024-05-20,1300,Intercompany Receivable,Asset,Yes,2974.4,0.0,Shared services billed to branch 3 - 2024-05,Intercompany,DAL,2024-05
480,180,MIA,2024-05-20,4090,Intercompany Shared Services Revenue,Revenue,Yes,0.0,2974.4,Shared services billed to branch 3 - 2024-05,Intercompany,DAL,2024-05
481,181,DAL,2024-05-20,6070,Shared Services Allocation (Intercompany),Opex,Yes,2974.4,0.0,Shared services allocation from HQ - 2024-05,Intercompany,MIA,2024-05
482,181,DAL,2024-05-20,2200,Intercompany Payable,Liability,Yes,0.0,2974.4,Shared services allocation from HQ - 2024-05,Intercompany,MIA,2024-05
483,182,DAL,2024-05-27,2200,Intercompany Payable,Liability,Yes,2945.8,0.0,Intercompany settlement paid to HQ - 2024-05,Intercompany Cash,MIA,2024-05
484,182,DAL,2024-05-27,1000,Cash - Operating,Asset,No,0.0,2945.8,Intercompany settlement paid to HQ - 2024-05,Intercompany Cash,MIA,2024-05
485,183,MIA,2024-05-27,1000,Cash - Operating,Asset,No,2945.8,0.0,Intercompany settlement received from branch 3 - 2024-05,Intercompany Cash,DAL,2024-05
486,183,MIA,2024-05-27,1300,Intercompany Receivable,Asset,Yes,0.0,2945.8,Intercompany settlement received from branch 3 - 2024-05,Intercompany Cash,DAL,2024-05
487,184,MIA,2024-06-12,1100,Accounts Receivable,Asset,No,103409.88,0.0,MIA legal fees billed - 2024-06,Billing,,2024-06
488,184,MIA,2024-06-12,4010,Litigation Fees,Revenue,No,0.0,43432.15,MIA legal fees billed - 2024-06,Billing,,2024-06
489,184,MIA,2024-06-12,4020,Corporate & Transactional Fees,Revenue,No,0.0,34125.26,MIA legal fees billed - 2024-06,Billing,,2024-06
490,184,MIA,2024-06-12,4030,Family Law Fees,Revenue,No,0.0,25852.47,MIA legal fees billed - 2024-06,Billing,,2024-06
491,185,MIA,2024-06-24,1000,Cash - Operating,Asset,No,94331.5,0.0,MIA client fee collections - 2024-06,Cash Receipt,,2024-06
492,185,MIA,2024-06-24,1100,Accounts Receivable,Asset,No,0.0,94331.5,MIA client fee collections - 2024-06,Cash Receipt,,2024-06
493,186,MIA,2024-06-17,5010,Court Filing Fees,COGS,No,5873.0,0.0,MIA direct case costs - 2024-06,AP/Cash,,2024-06
494,186,MIA,2024-06-17,5020,Expert Witness Fees,COGS,No,4805.19,0.0,MIA direct case costs - 2024-06,AP/Cash,,2024-06
495,186,MIA,2024-06-17,1000,Cash - Operating,Asset,No,0.0,7474.73,MIA direct case costs - 2024-06,AP/Cash,,2024-06
496,186,MIA,2024-06-17,2000,Accounts Payable,Liability,No,0.0,3203.46,MIA direct case costs - 2024-06,AP/Cash,,2024-06
497,187,MIA,2024-06-28,6010,Attorney & Staff Payroll,Opex,No,43460.0,0.0,MIA payroll run - 2024-06,Payroll,,2024-06
498,187,MIA,2024-06-28,6020,Payroll Taxes & Benefits,Opex,No,6084.4,0.0,MIA payroll run - 2024-06,Payroll,,2024-06
499,187,MIA,2024-06-28,1000,Cash - Operating,Asset,No,0.0,49488.31,MIA payroll run - 2024-06,Payroll,,2024-06
500,187,MIA,2024-06-28,2100,Accrued Payroll,Liability,No,0.0,4954.44,MIA payroll run - 2024-06,Payroll,,2024-06
501,187,MIA,2024-06-28,2100,Accrued Payroll,Liability,No,4898.35,0.0,MIA payroll run - 2024-06,Payroll,,2024-06
502,188,MIA,2024-06-03,6030,Office Rent,Opex,No,6970.0,0.0,MIA office rent - 2024-06,Cash,,2024-06
503,188,MIA,2024-06-03,1000,Cash - Operating,Asset,No,0.0,6970.0,MIA office rent - 2024-06,Cash,,2024-06
504,189,MIA,2024-06-18,6040,Marketing & Business Development,Opex,No,3393.27,0.0,MIA marketing spend - 2024-06,AP/Cash,,2024-06
505,189,MIA,2024-06-18,1000,Cash - Operating,Asset,No,0.0,2714.62,MIA marketing spend - 2024-06,AP/Cash,,2024-06
506,189,MIA,2024-06-18,2000,Accounts Payable,Liability,No,0.0,678.65,MIA marketing spend - 2024-06,AP/Cash,,2024-06
507,190,MIA,2024-06-03,6050,Professional Insurance,Opex,No,1450.0,0.0,MIA malpractice insurance amortization - 2024-06,Prepaid Amort,,2024-06
508,190,MIA,2024-06-03,1200,Prepaid Expenses,Asset,No,0.0,1450.0,MIA malpractice insurance amortization - 2024-06,Prepaid Amort,,2024-06
509,191,MIA,2024-06-10,6060,Software & IT,Opex,No,2205.0,0.0,MIA software & IT subscriptions - 2024-06,Cash,,2024-06
510,191,MIA,2024-06-10,1000,Cash - Operating,Asset,No,0.0,2205.0,MIA software & IT subscriptions - 2024-06,Cash,,2024-06
511,192,MIA,2024-06-30,7000,Depreciation Expense,Opex,No,1100.0,0.0,MIA monthly depreciation - 2024-06,Adjusting Entry,,2024-06
512,192,MIA,2024-06-30,1500,"Fixed Assets, Net",Asset,No,0.0,1100.0,MIA monthly depreciation - 2024-06,Adjusting Entry,,2024-06
513,193,MIA,2024-06-05,2000,Accounts Payable,Liability,No,3601.74,0.0,MIA AP payment run (prior month invoices) - 2024-06,Cash,,2024-06
514,193,MIA,2024-06-05,1000,Cash - Operating,Asset,No,0.0,3601.74,MIA AP payment run (prior month invoices) - 2024-06,Cash,,2024-06
515,194,CHI,2024-06-12,1100,Accounts Receivable,Asset,No,57739.02,0.0,CHI legal fees billed - 2024-06,Billing,,2024-06
516,194,CHI,2024-06-12,4010,Litigation Fees,Revenue,No,0.0,24250.39,CHI legal fees billed - 2024-06,Billing,,2024-06
517,194,CHI,2024-06-12,4020,Corporate & Transactional Fees,Revenue,No,0.0,19053.88,CHI legal fees billed - 2024-06,Billing,,2024-06
518,194,CHI,2024-06-12,4030,Family Law Fees,Revenue,No,0.0,14434.75,CHI legal fees billed - 2024-06,Billing,,2024-06
519,195,CHI,2024-06-24,1000,Cash - Operating,Asset,No,53352.36,0.0,CHI client fee collections - 2024-06,Cash Receipt,,2024-06
520,195,CHI,2024-06-24,1100,Accounts Receivable,Asset,No,0.0,53352.36,CHI client fee collections - 2024-06,Cash Receipt,,2024-06
521,196,CHI,2024-06-17,5010,Court Filing Fees,COGS,No,3279.2,0.0,CHI direct case costs - 2024-06,AP/Cash,,2024-06
522,196,CHI,2024-06-17,5020,Expert Witness Fees,COGS,No,2682.98,0.0,CHI direct case costs - 2024-06,AP/Cash,,2024-06
523,196,CHI,2024-06-17,1000,Cash - Operating,Asset,No,0.0,4173.53,CHI direct case costs - 2024-06,AP/Cash,,2024-06
524,196,CHI,2024-06-17,2000,Accounts Payable,Liability,No,0.0,1788.65,CHI direct case costs - 2024-06,AP/Cash,,2024-06
525,197,CHI,2024-06-28,6010,Attorney & Staff Payroll,Opex,No,26945.2,0.0,CHI payroll run - 2024-06,Payroll,,2024-06
526,197,CHI,2024-06-28,6020,Payroll Taxes & Benefits,Opex,No,3772.33,0.0,CHI payroll run - 2024-06,Payroll,,2024-06
527,197,CHI,2024-06-28,1000,Cash - Operating,Asset,No,0.0,30682.76,CHI payroll run - 2024-06,Payroll,,2024-06
528,197,CHI,2024-06-28,2100,Accrued Payroll,Liability,No,0.0,3071.75,CHI payroll run - 2024-06,Payroll,,2024-06
529,197,CHI,2024-06-28,2100,Accrued Payroll,Liability,No,3036.98,0.0,CHI payroll run - 2024-06,Payroll,,2024-06
530,198,CHI,2024-06-03,6030,Office Rent,Opex,No,4321.4,0.0,CHI office rent - 2024-06,Cash,,2024-06
531,198,CHI,2024-06-03,1000,Cash - Operating,Asset,No,0.0,4321.4,CHI office rent - 2024-06,Cash,,2024-06
532,199,CHI,2024-06-18,6040,Marketing & Business Development,Opex,No,1894.64,0.0,CHI marketing spend - 2024-06,AP/Cash,,2024-06
533,199,CHI,2024-06-18,1000,Cash - Operating,Asset,No,0.0,1515.71,CHI marketing spend - 2024-06,AP/Cash,,2024-06
534,199,CHI,2024-06-18,2000,Accounts Payable,Liability,No,0.0,378.93,CHI marketing spend - 2024-06,AP/Cash,,2024-06
535,200,CHI,2024-06-03,6050,Professional Insurance,Opex,No,899.0,0.0,CHI malpractice insurance amortization - 2024-06,Prepaid Amort,,2024-06
536,200,CHI,2024-06-03,1200,Prepaid Expenses,Asset,No,0.0,899.0,CHI malpractice insurance amortization - 2024-06,Prepaid Amort,,2024-06
537,201,CHI,2024-06-10,6060,Software & IT,Opex,No,1367.1,0.0,CHI software & IT subscriptions - 2024-06,Cash,,2024-06
538,201,CHI,2024-06-10,1000,Cash - Operating,Asset,No,0.0,1367.1,CHI software & IT subscriptions - 2024-06,Cash,,2024-06
539,202,CHI,2024-06-30,7000,Depreciation Expense,Opex,No,682.0,0.0,CHI monthly depreciation - 2024-06,Adjusting Entry,,2024-06
540,202,CHI,2024-06-30,1500,"Fixed Assets, Net",Asset,No,0.0,682.0,CHI monthly depreciation - 2024-06,Adjusting Entry,,2024-06
541,203,CHI,2024-06-05,2000,Accounts Payable,Liability,No,2191.0,0.0,CHI AP payment run (prior month invoices) - 2024-06,Cash,,2024-06
542,203,CHI,2024-06-05,1000,Cash - Operating,Asset,No,0.0,2191.0,CHI AP payment run (prior month invoices) - 2024-06,Cash,,2024-06
543,204,DAL,2024-06-12,1100,Accounts Receivable,Asset,No,54002.93,0.0,DAL legal fees billed - 2024-06,Billing,,2024-06
544,204,DAL,2024-06-12,4010,Litigation Fees,Revenue,No,0.0,22681.23,DAL legal fees billed - 2024-06,Billing,,2024-06
545,204,DAL,2024-06-12,4020,Corporate & Transactional Fees,Revenue,No,0.0,17820.97,DAL legal fees billed - 2024-06,Billing,,2024-06
546,204,DAL,2024-06-12,4030,Family Law Fees,Revenue,No,0.0,13500.73,DAL legal fees billed - 2024-06,Billing,,2024-06
547,205,DAL,2024-06-24,1000,Cash - Operating,Asset,No,49159.83,0.0,DAL client fee collections - 2024-06,Cash Receipt,,2024-06
548,205,DAL,2024-06-24,1100,Accounts Receivable,Asset,No,0.0,49159.83,DAL client fee collections - 2024-06,Cash Receipt,,2024-06
549,206,DAL,2024-06-17,5010,Court Filing Fees,COGS,No,3067.01,0.0,DAL direct case costs - 2024-06,AP/Cash,,2024-06
550,206,DAL,2024-06-17,5020,Expert Witness Fees,COGS,No,2509.38,0.0,DAL direct case costs - 2024-06,AP/Cash,,2024-06
551,206,DAL,2024-06-17,1000,Cash - Operating,Asset,No,0.0,3903.47,DAL direct case costs - 2024-06,AP/Cash,,2024-06
552,206,DAL,2024-06-17,2000,Accounts Payable,Liability,No,0.0,1672.92,DAL direct case costs - 2024-06,AP/Cash,,2024-06
553,207,DAL,2024-06-28,6010,Attorney & Staff Payroll,Opex,No,23903.0,0.0,DAL payroll run - 2024-06,Payroll,,2024-06
554,207,DAL,2024-06-28,6020,Payroll Taxes & Benefits,Opex,No,3346.42,0.0,DAL payroll run - 2024-06,Payroll,,2024-06
555,207,DAL,2024-06-28,1000,Cash - Operating,Asset,No,0.0,27218.57,DAL payroll run - 2024-06,Payroll,,2024-06
556,207,DAL,2024-06-28,2100,Accrued Payroll,Liability,No,0.0,2724.94,DAL payroll run - 2024-06,Payroll,,2024-06
557,207,DAL,2024-06-28,2100,Accrued Payroll,Liability,No,2694.09,0.0,DAL payroll run - 2024-06,Payroll,,2024-06
558,208,DAL,2024-06-03,6030,Office Rent,Opex,No,3833.5,0.0,DAL office rent - 2024-06,Cash,,2024-06
559,208,DAL,2024-06-03,1000,Cash - Operating,Asset,No,0.0,3833.5,DAL office rent - 2024-06,Cash,,2024-06
560,209,DAL,2024-06-18,6040,Marketing & Business Development,Opex,No,1772.04,0.0,DAL marketing spend - 2024-06,AP/Cash,,2024-06
561,209,DAL,2024-06-18,1000,Cash - Operating,Asset,No,0.0,1417.63,DAL marketing spend - 2024-06,AP/Cash,,2024-06
562,209,DAL,2024-06-18,2000,Accounts Payable,Liability,No,0.0,354.41,DAL marketing spend - 2024-06,AP/Cash,,2024-06
563,210,DAL,2024-06-03,6050,Professional Insurance,Opex,No,797.5,0.0,DAL malpractice insurance amortization - 2024-06,Prepaid Amort,,2024-06
564,210,DAL,2024-06-03,1200,Prepaid Expenses,Asset,No,0.0,797.5,DAL malpractice insurance amortization - 2024-06,Prepaid Amort,,2024-06
565,211,DAL,2024-06-10,6060,Software & IT,Opex,No,1212.75,0.0,DAL software & IT subscriptions - 2024-06,Cash,,2024-06
566,211,DAL,2024-06-10,1000,Cash - Operating,Asset,No,0.0,1212.75,DAL software & IT subscriptions - 2024-06,Cash,,2024-06
567,212,DAL,2024-06-30,7000,Depreciation Expense,Opex,No,605.0,0.0,DAL monthly depreciation - 2024-06,Adjusting Entry,,2024-06
568,212,DAL,2024-06-30,1500,"Fixed Assets, Net",Asset,No,0.0,605.0,DAL monthly depreciation - 2024-06,Adjusting Entry,,2024-06
569,213,DAL,2024-06-05,2000,Accounts Payable,Liability,No,1889.28,0.0,DAL AP payment run (prior month invoices) - 2024-06,Cash,,2024-06
570,213,DAL,2024-06-05,1000,Cash - Operating,Asset,No,0.0,1889.28,DAL AP payment run (prior month invoices) - 2024-06,Cash,,2024-06
571,214,MIA,2024-06-20,1300,Intercompany Receivable,Asset,Yes,3385.2,0.0,Shared services billed to branch 2 - 2024-06,Intercompany,CHI,2024-06
572,214,MIA,2024-06-20,4090,Intercompany Shared Services Revenue,Revenue,Yes,0.0,3385.2,Shared services billed to branch 2 - 2024-06,Intercompany,CHI,2024-06
573,215,CHI,2024-06-20,6070,Shared Services Allocation (Intercompany),Opex,Yes,3385.2,0.0,Shared services allocation from HQ - 2024-06,Intercompany,MIA,2024-06
574,215,CHI,2024-06-20,2200,Intercompany Payable,Liability,Yes,0.0,3385.2,Shared services allocation from HQ - 2024-06,Intercompany,MIA,2024-06
575,216,CHI,2024-06-25,2200,Intercompany Payable,Liability,Yes,3352.96,0.0,Intercompany settlement paid to HQ - 2024-06,Intercompany Cash,MIA,2024-06
576,216,CHI,2024-06-25,1000,Cash - Operating,Asset,No,0.0,3352.96,Intercompany settlement paid to HQ - 2024-06,Intercompany Cash,MIA,2024-06
577,217,MIA,2024-06-25,1000,Cash - Operating,Asset,No,3352.96,0.0,Intercompany settlement received from branch 2 - 2024-06,Intercompany Cash,CHI,2024-06
578,217,MIA,2024-06-25,1300,Intercompany Receivable,Asset,Yes,0.0,3352.96,Intercompany settlement received from branch 2 - 2024-06,Intercompany Cash,CHI,2024-06
579,218,MIA,2024-06-20,1300,Intercompany Receivable,Asset,Yes,3003.0,0.0,Shared services billed to branch 3 - 2024-06,Intercompany,DAL,2024-06
580,218,MIA,2024-06-20,4090,Intercompany Shared Services Revenue,Revenue,Yes,0.0,3003.0,Shared services billed to branch 3 - 2024-06,Intercompany,DAL,2024-06
581,219,DAL,2024-06-20,6070,Shared Services Allocation (Intercompany),Opex,Yes,3003.0,0.0,Shared services allocation from HQ - 2024-06,Intercompany,MIA,2024-06
582,219,DAL,2024-06-20,2200,Intercompany Payable,Liability,Yes,0.0,3003.0,Shared services allocation from HQ - 2024-06,Intercompany,MIA,2024-06
583,220,DAL,2024-06-25,2200,Intercompany Payable,Liability,Yes,2974.4,0.0,Intercompany settlement paid to HQ - 2024-06,Intercompany Cash,MIA,2024-06
584,220,DAL,2024-06-25,1000,Cash - Operating,Asset,No,0.0,2974.4,Intercompany settlement paid to HQ - 2024-06,Intercompany Cash,MIA,2024-06
585,221,MIA,2024-06-25,1000,Cash - Operating,Asset,No,2974.4,0.0,Intercompany settlement received from branch 3 - 2024-06,Intercompany Cash,DAL,2024-06
586,221,MIA,2024-06-25,1300,Intercompany Receivable,Asset,Yes,0.0,2974.4,Intercompany settlement received from branch 3 - 2024-06,Intercompany Cash,DAL,2024-06
587,222,MIA,2024-07-12,1100,Accounts Receivable,Asset,No,100820.26,0.0,MIA legal fees billed - 2024-07,Billing,,2024-07
588,222,MIA,2024-07-12,4010,Litigation Fees,Revenue,No,0.0,42344.51,MIA legal fees billed - 2024-07,Billing,,2024-07
589,222,MIA,2024-07-12,4020,Corporate & Transactional Fees,Revenue,No,0.0,33270.69,MIA legal fees billed - 2024-07,Billing,,2024-07
590,222,MIA,2024-07-12,4030,Family Law Fees,Revenue,No,0.0,25205.06,MIA legal fees billed - 2024-07,Billing,,2024-07
591,223,MIA,2024-07-24,1000,Cash - Operating,Asset,No,96535.07,0.0,MIA client fee collections - 2024-07,Cash Receipt,,2024-07
592,223,MIA,2024-07-24,1100,Accounts Receivable,Asset,No,0.0,96535.07,MIA client fee collections - 2024-07,Cash Receipt,,2024-07
593,224,MIA,2024-07-15,5010,Court Filing Fees,COGS,No,5725.93,0.0,MIA direct case costs - 2024-07,AP/Cash,,2024-07
594,224,MIA,2024-07-15,5020,Expert Witness Fees,COGS,No,4684.86,0.0,MIA direct case costs - 2024-07,AP/Cash,,2024-07
595,224,MIA,2024-07-15,1000,Cash - Operating,Asset,No,0.0,7287.55,MIA direct case costs - 2024-07,AP/Cash,,2024-07
596,224,MIA,2024-07-15,2000,Accounts Payable,Liability,No,0.0,3123.24,MIA direct case costs - 2024-07,AP/Cash,,2024-07
597,225,MIA,2024-07-29,6010,Attorney & Staff Payroll,Opex,No,43952.0,0.0,MIA payroll run - 2024-07,Payroll,,2024-07
598,225,MIA,2024-07-29,6020,Payroll Taxes & Benefits,Opex,No,6153.28,0.0,MIA payroll run - 2024-07,Payroll,,2024-07
599,225,MIA,2024-07-29,1000,Cash - Operating,Asset,No,0.0,50049.19,MIA payroll run - 2024-07,Payroll,,2024-07
600,225,MIA,2024-07-29,2100,Accrued Payroll,Liability,No,0.0,5010.53,MIA payroll run - 2024-07,Payroll,,2024-07
601,225,MIA,2024-07-29,2100,Accrued Payroll,Liability,No,4954.44,0.0,MIA payroll run - 2024-07,Payroll,,2024-07
602,226,MIA,2024-07-01,6030,Office Rent,Opex,No,7004.0,0.0,MIA office rent - 2024-07,Cash,,2024-07
603,226,MIA,2024-07-01,1000,Cash - Operating,Asset,No,0.0,7004.0,MIA office rent - 2024-07,Cash,,2024-07
604,227,MIA,2024-07-18,6040,Marketing & Business Development,Opex,No,3271.26,0.0,MIA marketing spend - 2024-07,AP/Cash,,2024-07
605,227,MIA,2024-07-18,1000,Cash - Operating,Asset,No,0.0,2617.01,MIA marketing spend - 2024-07,AP/Cash,,2024-07
606,227,MIA,2024-07-18,2000,Accounts Payable,Liability,No,0.0,654.25,MIA marketing spend - 2024-07,AP/Cash,,2024-07
607,228,MIA,2024-07-01,6050,Professional Insurance,Opex,No,1450.0,0.0,MIA malpractice insurance amortization - 2024-07,Prepaid Amort,,2024-07
608,228,MIA,2024-07-01,1200,Prepaid Expenses,Asset,No,0.0,1450.0,MIA malpractice insurance amortization - 2024-07,Prepaid Amort,,2024-07
609,229,MIA,2024-07-09,6060,Software & IT,Opex,No,2226.0,0.0,MIA software & IT subscriptions - 2024-07,Cash,,2024-07
610,229,MIA,2024-07-09,1000,Cash - Operating,Asset,No,0.0,2226.0,MIA software & IT subscriptions - 2024-07,Cash,,2024-07
611,230,MIA,2024-07-31,7000,Depreciation Expense,Opex,No,1100.0,0.0,MIA monthly depreciation - 2024-07,Adjusting Entry,,2024-07
612,230,MIA,2024-07-31,1500,"Fixed Assets, Net",Asset,No,0.0,1100.0,MIA monthly depreciation - 2024-07,Adjusting Entry,,2024-07
613,231,MIA,2024-07-05,2000,Accounts Payable,Liability,No,3882.11,0.0,MIA AP payment run (prior month invoices) - 2024-07,Cash,,2024-07
614,231,MIA,2024-07-05,1000,Cash - Operating,Asset,No,0.0,3882.11,MIA AP payment run (prior month invoices) - 2024-07,Cash,,2024-07
615,232,CHI,2024-07-12,1100,Accounts Receivable,Asset,No,57150.03,0.0,CHI legal fees billed - 2024-07,Billing,,2024-07
616,232,CHI,2024-07-12,4010,Litigation Fees,Revenue,No,0.0,24003.01,CHI legal fees billed - 2024-07,Billing,,2024-07
617,232,CHI,2024-07-12,4020,Corporate & Transactional Fees,Revenue,No,0.0,18859.51,CHI legal fees billed - 2024-07,Billing,,2024-07
618,232,CHI,2024-07-12,4030,Family Law Fees,Revenue,No,0.0,14287.51,CHI legal fees billed - 2024-07,Billing,,2024-07
619,233,CHI,2024-07-24,1000,Cash - Operating,Asset,No,53012.53,0.0,CHI client fee collections - 2024-07,Cash Receipt,,2024-07
620,233,CHI,2024-07-24,1100,Accounts Receivable,Asset,No,0.0,53012.53,CHI client fee collections - 2024-07,Cash Receipt,,2024-07
621,234,CHI,2024-07-15,5010,Court Filing Fees,COGS,No,3245.75,0.0,CHI direct case costs - 2024-07,AP/Cash,,2024-07
622,234,CHI,2024-07-15,5020,Expert Witness Fees,COGS,No,2655.61,0.0,CHI direct case costs - 2024-07,AP/Cash,,2024-07
623,234,CHI,2024-07-15,1000,Cash - Operating,Asset,No,0.0,4130.95,CHI direct case costs - 2024-07,AP/Cash,,2024-07
624,234,CHI,2024-07-15,2000,Accounts Payable,Liability,No,0.0,1770.41,CHI direct case costs - 2024-07,AP/Cash,,2024-07
625,235,CHI,2024-07-29,6010,Attorney & Staff Payroll,Opex,No,27250.24,0.0,CHI payroll run - 2024-07,Payroll,,2024-07
626,235,CHI,2024-07-29,6020,Payroll Taxes & Benefits,Opex,No,3815.03,0.0,CHI payroll run - 2024-07,Payroll,,2024-07
627,235,CHI,2024-07-29,1000,Cash - Operating,Asset,No,0.0,31030.49,CHI payroll run - 2024-07,Payroll,,2024-07
628,235,CHI,2024-07-29,2100,Accrued Payroll,Liability,No,0.0,3106.53,CHI payroll run - 2024-07,Payroll,,2024-07
629,235,CHI,2024-07-29,2100,Accrued Payroll,Liability,No,3071.75,0.0,CHI payroll run - 2024-07,Payroll,,2024-07
630,236,CHI,2024-07-01,6030,Office Rent,Opex,No,4342.48,0.0,CHI office rent - 2024-07,Cash,,2024-07
631,236,CHI,2024-07-01,1000,Cash - Operating,Asset,No,0.0,4342.48,CHI office rent - 2024-07,Cash,,2024-07
632,237,CHI,2024-07-18,6040,Marketing & Business Development,Opex,No,1854.32,0.0,CHI marketing spend - 2024-07,AP/Cash,,2024-07
633,237,CHI,2024-07-18,1000,Cash - Operating,Asset,No,0.0,1483.46,CHI marketing spend - 2024-07,AP/Cash,,2024-07
634,237,CHI,2024-07-18,2000,Accounts Payable,Liability,No,0.0,370.86,CHI marketing spend - 2024-07,AP/Cash,,2024-07
635,238,CHI,2024-07-01,6050,Professional Insurance,Opex,No,899.0,0.0,CHI malpractice insurance amortization - 2024-07,Prepaid Amort,,2024-07
636,238,CHI,2024-07-01,1200,Prepaid Expenses,Asset,No,0.0,899.0,CHI malpractice insurance amortization - 2024-07,Prepaid Amort,,2024-07
637,239,CHI,2024-07-09,6060,Software & IT,Opex,No,1380.12,0.0,CHI software & IT subscriptions - 2024-07,Cash,,2024-07
638,239,CHI,2024-07-09,1000,Cash - Operating,Asset,No,0.0,1380.12,CHI software & IT subscriptions - 2024-07,Cash,,2024-07
639,240,CHI,2024-07-31,7000,Depreciation Expense,Opex,No,682.0,0.0,CHI monthly depreciation - 2024-07,Adjusting Entry,,2024-07
640,240,CHI,2024-07-31,1500,"Fixed Assets, Net",Asset,No,0.0,682.0,CHI monthly depreciation - 2024-07,Adjusting Entry,,2024-07
641,241,CHI,2024-07-05,2000,Accounts Payable,Liability,No,2167.58,0.0,CHI AP payment run (prior month invoices) - 2024-07,Cash,,2024-07
642,241,CHI,2024-07-05,1000,Cash - Operating,Asset,No,0.0,2167.58,CHI AP payment run (prior month invoices) - 2024-07,Cash,,2024-07
643,242,DAL,2024-07-12,1100,Accounts Receivable,Asset,No,53821.7,0.0,DAL legal fees billed - 2024-07,Billing,,2024-07
644,242,DAL,2024-07-12,4010,Litigation Fees,Revenue,No,0.0,22605.11,DAL legal fees billed - 2024-07,Billing,,2024-07
645,242,DAL,2024-07-12,4020,Corporate & Transactional Fees,Revenue,No,0.0,17761.16,DAL legal fees billed - 2024-07,Billing,,2024-07
646,242,DAL,2024-07-12,4030,Family Law Fees,Revenue,No,0.0,13455.43,DAL legal fees billed - 2024-07,Billing,,2024-07
647,243,DAL,2024-07-24,1000,Cash - Operating,Asset,No,48242.58,0.0,DAL client fee collections - 2024-07,Cash Receipt,,2024-07
648,243,DAL,2024-07-24,1100,Accounts Receivable,Asset,No,0.0,48242.58,DAL client fee collections - 2024-07,Cash Receipt,,2024-07
649,244,DAL,2024-07-15,5010,Court Filing Fees,COGS,No,3056.72,0.0,DAL direct case costs - 2024-07,AP/Cash,,2024-07
650,244,DAL,2024-07-15,5020,Expert Witness Fees,COGS,No,2500.96,0.0,DAL direct case costs - 2024-07,AP/Cash,,2024-07
651,244,DAL,2024-07-15,1000,Cash - Operating,Asset,No,0.0,3890.38,DAL direct case costs - 2024-07,AP/Cash,,2024-07
652,244,DAL,2024-07-15,2000,Accounts Payable,Liability,No,0.0,1667.3,DAL direct case costs - 2024-07,AP/Cash,,2024-07
653,245,DAL,2024-07-29,6010,Attorney & Staff Payroll,Opex,No,24173.6,0.0,DAL payroll run - 2024-07,Payroll,,2024-07
654,245,DAL,2024-07-29,6020,Payroll Taxes & Benefits,Opex,No,3384.3,0.0,DAL payroll run - 2024-07,Payroll,,2024-07
655,245,DAL,2024-07-29,1000,Cash - Operating,Asset,No,0.0,27527.05,DAL payroll run - 2024-07,Payroll,,2024-07
656,245,DAL,2024-07-29,2100,Accrued Payroll,Liability,No,0.0,2755.79,DAL payroll run - 2024-07,Payroll,,2024-07
657,245,DAL,2024-07-29,2100,Accrued Payroll,Liability,No,2724.94,0.0,DAL payroll run - 2024-07,Payroll,,2024-07
658,246,DAL,2024-07-01,6030,Office Rent,Opex,No,3852.2,0.0,DAL office rent - 2024-07,Cash,,2024-07
659,246,DAL,2024-07-01,1000,Cash - Operating,Asset,No,0.0,3852.2,DAL office rent - 2024-07,Cash,,2024-07
660,247,DAL,2024-07-18,6040,Marketing & Business Development,Opex,No,1746.32,0.0,DAL marketing spend - 2024-07,AP/Cash,,2024-07
661,247,DAL,2024-07-18,1000,Cash - Operating,Asset,No,0.0,1397.06,DAL marketing spend - 2024-07,AP/Cash,,2024-07
662,247,DAL,2024-07-18,2000,Accounts Payable,Liability,No,0.0,349.26,DAL marketing spend - 2024-07,AP/Cash,,2024-07
663,248,DAL,2024-07-01,6050,Professional Insurance,Opex,No,797.5,0.0,DAL malpractice insurance amortization - 2024-07,Prepaid Amort,,2024-07
664,248,DAL,2024-07-01,1200,Prepaid Expenses,Asset,No,0.0,797.5,DAL malpractice insurance amortization - 2024-07,Prepaid Amort,,2024-07
665,249,DAL,2024-07-09,6060,Software & IT,Opex,No,1224.3,0.0,DAL software & IT subscriptions - 2024-07,Cash,,2024-07
666,249,DAL,2024-07-09,1000,Cash - Operating,Asset,No,0.0,1224.3,DAL software & IT subscriptions - 2024-07,Cash,,2024-07
667,250,DAL,2024-07-31,7000,Depreciation Expense,Opex,No,605.0,0.0,DAL monthly depreciation - 2024-07,Adjusting Entry,,2024-07
668,250,DAL,2024-07-31,1500,"Fixed Assets, Net",Asset,No,0.0,605.0,DAL monthly depreciation - 2024-07,Adjusting Entry,,2024-07
669,251,DAL,2024-07-05,2000,Accounts Payable,Liability,No,2027.33,0.0,DAL AP payment run (prior month invoices) - 2024-07,Cash,,2024-07
670,251,DAL,2024-07-05,1000,Cash - Operating,Asset,No,0.0,2027.33,DAL AP payment run (prior month invoices) - 2024-07,Cash,,2024-07
671,252,MIA,2024-07-22,1300,Intercompany Receivable,Asset,Yes,3417.44,0.0,Shared services billed to branch 2 - 2024-07,Intercompany,CHI,2024-07
672,252,MIA,2024-07-22,4090,Intercompany Shared Services Revenue,Revenue,Yes,0.0,3417.44,Shared services billed to branch 2 - 2024-07,Intercompany,CHI,2024-07
673,253,CHI,2024-07-22,6070,Shared Services Allocation (Intercompany),Opex,Yes,3417.44,0.0,Shared services allocation from HQ - 2024-07,Intercompany,MIA,2024-07
674,253,CHI,2024-07-22,2200,Intercompany Payable,Liability,Yes,0.0,3417.44,Shared services allocation from HQ - 2024-07,Intercompany,MIA,2024-07
675,254,CHI,2024-07-25,2200,Intercompany Payable,Liability,Yes,3385.2,0.0,Intercompany settlement paid to HQ - 2024-07,Intercompany Cash,MIA,2024-07
676,254,CHI,2024-07-25,1000,Cash - Operating,Asset,No,0.0,3385.2,Intercompany settlement paid to HQ - 2024-07,Intercompany Cash,MIA,2024-07
677,255,MIA,2024-07-25,1000,Cash - Operating,Asset,No,3385.2,0.0,Intercompany settlement received from branch 2 - 2024-07,Intercompany Cash,CHI,2024-07
678,255,MIA,2024-07-25,1300,Intercompany Receivable,Asset,Yes,0.0,3385.2,Intercompany settlement received from branch 2 - 2024-07,Intercompany Cash,CHI,2024-07
679,256,MIA,2024-07-22,1300,Intercompany Receivable,Asset,Yes,3031.6,0.0,Shared services billed to branch 3 - 2024-07,Intercompany,DAL,2024-07
680,256,MIA,2024-07-22,4090,Intercompany Shared Services Revenue,Revenue,Yes,0.0,3031.6,Shared services billed to branch 3 - 2024-07,Intercompany,DAL,2024-07
681,257,DAL,2024-07-22,6070,Shared Services Allocation (Intercompany),Opex,Yes,3031.6,0.0,Shared services allocation from HQ - 2024-07,Intercompany,MIA,2024-07
682,257,DAL,2024-07-22,2200,Intercompany Payable,Liability,Yes,0.0,3031.6,Shared services allocation from HQ - 2024-07,Intercompany,MIA,2024-07
683,258,DAL,2024-07-25,2200,Intercompany Payable,Liability,Yes,3003.0,0.0,Intercompany settlement paid to HQ - 2024-07,Intercompany Cash,MIA,2024-07
684,258,DAL,2024-07-25,1000,Cash - Operating,Asset,No,0.0,3003.0,Intercompany settlement paid to HQ - 2024-07,Intercompany Cash,MIA,2024-07
685,259,MIA,2024-07-25,1000,Cash - Operating,Asset,No,3003.0,0.0,Intercompany settlement received from branch 3 - 2024-07,Intercompany Cash,DAL,2024-07
686,259,MIA,2024-07-25,1300,Intercompany Receivable,Asset,Yes,0.0,3003.0,Intercompany settlement received from branch 3 - 2024-07,Intercompany Cash,DAL,2024-07
687,260,MIA,2024-08-12,1100,Accounts Receivable,Asset,No,91346.81,0.0,MIA legal fees billed - 2024-08,Billing,,2024-08
688,260,MIA,2024-08-12,4010,Litigation Fees,Revenue,No,0.0,38365.66,MIA legal fees billed - 2024-08,Billing,,2024-08
689,260,MIA,2024-08-12,4020,Corporate & Transactional Fees,Revenue,No,0.0,30144.45,MIA legal fees billed - 2024-08,Billing,,2024-08
690,260,MIA,2024-08-12,4030,Family Law Fees,Revenue,No,0.0,22836.7,MIA legal fees billed - 2024-08,Billing,,2024-08
691,261,MIA,2024-08-26,1000,Cash - Operating,Asset,No,80920.56,0.0,MIA client fee collections - 2024-08,Cash Receipt,,2024-08
692,261,MIA,2024-08-26,1100,Accounts Receivable,Asset,No,0.0,80920.56,MIA client fee collections - 2024-08,Cash Receipt,,2024-08
693,262,MIA,2024-08-15,5010,Court Filing Fees,COGS,No,5187.9,0.0,MIA direct case costs - 2024-08,AP/Cash,,2024-08
694,262,MIA,2024-08-15,5020,Expert Witness Fees,COGS,No,4244.65,0.0,MIA direct case costs - 2024-08,AP/Cash,,2024-08
695,262,MIA,2024-08-15,1000,Cash - Operating,Asset,No,0.0,6602.78,MIA direct case costs - 2024-08,AP/Cash,,2024-08
696,262,MIA,2024-08-15,2000,Accounts Payable,Liability,No,0.0,2829.77,MIA direct case costs - 2024-08,AP/Cash,,2024-08
697,263,MIA,2024-08-28,6010,Attorney & Staff Payroll,Opex,No,44444.0,0.0,MIA payroll run - 2024-08,Payroll,,2024-08
698,263,MIA,2024-08-28,6020,Payroll Taxes & Benefits,Opex,No,6222.16,0.0,MIA payroll run - 2024-08,Payroll,,2024-08
699,263,MIA,2024-08-28,1000,Cash - Operating,Asset,No,0.0,50610.07,MIA payroll run - 2024-08,Payroll,,2024-08
700,263,MIA,2024-08-28,2100,Accrued Payroll,Liability,No,0.0,5066.62,MIA payroll run - 2024-08,Payroll,,2024-08
701,263,MIA,2024-08-28,2100,Accrued Payroll,Liability,No,5010.53,0.0,MIA payroll run - 2024-08,Payroll,,2024-08
702,264,MIA,2024-08-01,6030,Office Rent,Opex,No,7038.0,0.0,MIA office rent - 2024-08,Cash,,2024-08
703,264,MIA,2024-08-01,1000,Cash - Operating,Asset,No,0.0,7038.0,MIA office rent - 2024-08,Cash,,2024-08
704,265,MIA,2024-08-19,6040,Marketing & Business Development,Opex,No,2931.07,0.0,MIA marketing spend - 2024-08,AP/Cash,,2024-08
705,265,MIA,2024-08-19,1000,Cash - Operating,Asset,No,0.0,2344.86,MIA marketing spend - 2024-08,AP/Cash,,2024-08
706,265,MIA,2024-08-19,2000,Accounts Payable,Liability,No,0.0,586.21,MIA marketing spend - 2024-08,AP/Cash,,2024-08
707,266,MIA,2024-08-01,6050,Professional Insurance,Opex,No,1450.0,0.0,MIA malpractice insurance amortization - 2024-08,Prepaid Amort,,2024-08
708,266,MIA,2024-08-01,1200,Prepaid Expenses,Asset,No,0.0,1450.0,MIA malpractice insurance amortization - 2024-08,Prepaid Amort,,2024-08
709,267,MIA,2024-08-09,6060,Software & IT,Opex,No,2247.0,0.0,MIA software & IT subscriptions - 2024-08,Cash,,2024-08
710,267,MIA,2024-08-09,1000,Cash - Operating,Asset,No,0.0,2247.0,MIA software & IT subscriptions - 2024-08,Cash,,2024-08
711,268,MIA,2024-08-31,7000,Depreciation Expense,Opex,No,1100.0,0.0,MIA monthly depreciation - 2024-08,Adjusting Entry,,2024-08
712,268,MIA,2024-08-31,1500,"Fixed Assets, Net",Asset,No,0.0,1100.0,MIA monthly depreciation - 2024-08,Adjusting Entry,,2024-08
713,269,MIA,2024-08-05,2000,Accounts Payable,Liability,No,3777.49,0.0,MIA AP payment run (prior month invoices) - 2024-08,Cash,,2024-08
714,269,MIA,2024-08-05,1000,Cash - Operating,Asset,No,0.0,3777.49,MIA AP payment run (prior month invoices) - 2024-08,Cash,,2024-08
715,270,CHI,2024-08-12,1100,Accounts Receivable,Asset,No,66989.57,0.0,CHI legal fees billed - 2024-08,Billing,,2024-08
716,270,CHI,2024-08-12,4010,Litigation Fees,Revenue,No,0.0,28135.62,CHI legal fees billed - 2024-08,Billing,,2024-08
717,270,CHI,2024-08-12,4020,Corporate & Transactional Fees,Revenue,No,0.0,22106.56,CHI legal fees billed - 2024-08,Billing,,2024-08
718,270,CHI,2024-08-12,4030,Family Law Fees,Revenue,No,0.0,16747.39,CHI legal fees billed - 2024-08,Billing,,2024-08
719,271,CHI,2024-08-26,1000,Cash - Operating,Asset,No,62455.59,0.0,CHI client fee collections - 2024-08,Cash Receipt,,2024-08
720,271,CHI,2024-08-26,1100,Accounts Receivable,Asset,No,0.0,62455.59,CHI client fee collections - 2024-08,Cash Receipt,,2024-08
721,272,CHI,2024-08-15,5010,Court Filing Fees,COGS,No,3804.57,0.0,CHI direct case costs - 2024-08,AP/Cash,,2024-08
722,272,CHI,2024-08-15,5020,Expert Witness Fees,COGS,No,3112.83,0.0,CHI direct case costs - 2024-08,AP/Cash,,2024-08
723,272,CHI,2024-08-15,1000,Cash - Operating,Asset,No,0.0,4842.18,CHI direct case costs - 2024-08,AP/Cash,,2024-08
724,272,CHI,2024-08-15,2000,Accounts Payable,Liability,No,0.0,2075.22,CHI direct case costs - 2024-08,AP/Cash,,2024-08
725,273,CHI,2024-08-28,6010,Attorney & Staff Payroll,Opex,No,27555.28,0.0,CHI payroll run - 2024-08,Payroll,,2024-08
726,273,CHI,2024-08-28,6020,Payroll Taxes & Benefits,Opex,No,3857.74,0.0,CHI payroll run - 2024-08,Payroll,,2024-08
727,273,CHI,2024-08-28,1000,Cash - Operating,Asset,No,0.0,31378.25,CHI payroll run - 2024-08,Payroll,,2024-08
728,273,CHI,2024-08-28,2100,Accrued Payroll,Liability,No,0.0,3141.3,CHI payroll run - 2024-08,Payroll,,2024-08
729,273,CHI,2024-08-28,2100,Accrued Payroll,Liability,No,3106.53,0.0,CHI payroll run - 2024-08,Payroll,,2024-08
730,274,CHI,2024-08-01,6030,Office Rent,Opex,No,4363.56,0.0,CHI office rent - 2024-08,Cash,,2024-08
731,274,CHI,2024-08-01,1000,Cash - Operating,Asset,No,0.0,4363.56,CHI office rent - 2024-08,Cash,,2024-08
732,275,CHI,2024-08-19,6040,Marketing & Business Development,Opex,No,2149.51,0.0,CHI marketing spend - 2024-08,AP/Cash,,2024-08
733,275,CHI,2024-08-19,1000,Cash - Operating,Asset,No,0.0,1719.61,CHI marketing spend - 2024-08,AP/Cash,,2024-08
734,275,CHI,2024-08-19,2000,Accounts Payable,Liability,No,0.0,429.9,CHI marketing spend - 2024-08,AP/Cash,,2024-08
735,276,CHI,2024-08-01,6050,Professional Insurance,Opex,No,899.0,0.0,CHI malpractice insurance amortization - 2024-08,Prepaid Amort,,2024-08
736,276,CHI,2024-08-01,1200,Prepaid Expenses,Asset,No,0.0,899.0,CHI malpractice insurance amortization - 2024-08,Prepaid Amort,,2024-08
737,277,CHI,2024-08-09,6060,Software & IT,Opex,No,1393.14,0.0,CHI software & IT subscriptions - 2024-08,Cash,,2024-08
738,277,CHI,2024-08-09,1000,Cash - Operating,Asset,No,0.0,1393.14,CHI software & IT subscriptions - 2024-08,Cash,,2024-08
739,278,CHI,2024-08-31,7000,Depreciation Expense,Opex,No,682.0,0.0,CHI monthly depreciation - 2024-08,Adjusting Entry,,2024-08
740,278,CHI,2024-08-31,1500,"Fixed Assets, Net",Asset,No,0.0,682.0,CHI monthly depreciation - 2024-08,Adjusting Entry,,2024-08
741,279,CHI,2024-08-05,2000,Accounts Payable,Liability,No,2141.27,0.0,CHI AP payment run (prior month invoices) - 2024-08,Cash,,2024-08
742,279,CHI,2024-08-05,1000,Cash - Operating,Asset,No,0.0,2141.27,CHI AP payment run (prior month invoices) - 2024-08,Cash,,2024-08
743,280,DAL,2024-08-12,1100,Accounts Receivable,Asset,No,50656.97,0.0,DAL legal fees billed - 2024-08,Billing,,2024-08
744,280,DAL,2024-08-12,4010,Litigation Fees,Revenue,No,0.0,21275.93,DAL legal fees billed - 2024-08,Billing,,2024-08
745,280,DAL,2024-08-12,4020,Corporate & Transactional Fees,Revenue,No,0.0,16716.8,DAL legal fees billed - 2024-08,Billing,,2024-08
746,280,DAL,2024-08-12,4030,Family Law Fees,Revenue,No,0.0,12664.24,DAL legal fees billed - 2024-08,Billing,,2024-08
747,281,DAL,2024-08-26,1000,Cash - Operating,Asset,No,47486.3,0.0,DAL client fee collections - 2024-08,Cash Receipt,,2024-08
748,281,DAL,2024-08-26,1100,Accounts Receivable,Asset,No,0.0,47486.3,DAL client fee collections - 2024-08,Cash Receipt,,2024-08
749,282,DAL,2024-08-15,5010,Court Filing Fees,COGS,No,2876.98,0.0,DAL direct case costs - 2024-08,AP/Cash,,2024-08
750,282,DAL,2024-08-15,5020,Expert Witness Fees,COGS,No,2353.9,0.0,DAL direct case costs - 2024-08,AP/Cash,,2024-08
751,282,DAL,2024-08-15,1000,Cash - Operating,Asset,No,0.0,3661.62,DAL direct case costs - 2024-08,AP/Cash,,2024-08
752,282,DAL,2024-08-15,2000,Accounts Payable,Liability,No,0.0,1569.26,DAL direct case costs - 2024-08,AP/Cash,,2024-08
753,283,DAL,2024-08-28,6010,Attorney & Staff Payroll,Opex,No,24444.2,0.0,DAL payroll run - 2024-08,Payroll,,2024-08
754,283,DAL,2024-08-28,6020,Payroll Taxes & Benefits,Opex,No,3422.19,0.0,DAL payroll run - 2024-08,Payroll,,2024-08
755,283,DAL,2024-08-28,1000,Cash - Operating,Asset,No,0.0,27835.54,DAL payroll run - 2024-08,Payroll,,2024-08
756,283,DAL,2024-08-28,2100,Accrued Payroll,Liability,No,0.0,2786.64,DAL payroll run - 2024-08,Payroll,,2024-08
757,283,DAL,2024-08-28,2100,Accrued Payroll,Liability,No,2755.79,0.0,DAL payroll run - 2024-08,Payroll,,2024-08
758,284,DAL,2024-08-01,6030,Office Rent,Opex,No,3870.9,0.0,DAL office rent - 2024-08,Cash,,2024-08
759,284,DAL,2024-08-01,1000,Cash - Operating,Asset,No,0.0,3870.9,DAL office rent - 2024-08,Cash,,2024-08
760,285,DAL,2024-08-19,6040,Marketing & Business Development,Opex,No,1625.44,0.0,DAL marketing spend - 2024-08,AP/Cash,,2024-08
761,285,DAL,2024-08-19,1000,Cash - Operating,Asset,No,0.0,1300.35,DAL marketing spend - 2024-08,AP/Cash,,2024-08
762,285,DAL,2024-08-19,2000,Accounts Payable,Liability,No,0.0,325.09,DAL marketing spend - 2024-08,AP/Cash,,2024-08
763,286,DAL,2024-08-01,6050,Professional Insurance,Opex,No,797.5,0.0,DAL malpractice insurance amortization - 2024-08,Prepaid Amort,,2024-08
764,286,DAL,2024-08-01,1200,Prepaid Expenses,Asset,No,0.0,797.5,DAL malpractice insurance amortization - 2024-08,Prepaid Amort,,2024-08
765,287,DAL,2024-08-09,6060,Software & IT,Opex,No,1235.85,0.0,DAL software & IT subscriptions - 2024-08,Cash,,2024-08
766,287,DAL,2024-08-09,1000,Cash - Operating,Asset,No,0.0,1235.85,DAL software & IT subscriptions - 2024-08,Cash,,2024-08
767,288,DAL,2024-08-31,7000,Depreciation Expense,Opex,No,605.0,0.0,DAL monthly depreciation - 2024-08,Adjusting Entry,,2024-08
768,288,DAL,2024-08-31,1500,"Fixed Assets, Net",Asset,No,0.0,605.0,DAL monthly depreciation - 2024-08,Adjusting Entry,,2024-08
769,289,DAL,2024-08-05,2000,Accounts Payable,Liability,No,2016.56,0.0,DAL AP payment run (prior month invoices) - 2024-08,Cash,,2024-08
770,289,DAL,2024-08-05,1000,Cash - Operating,Asset,No,0.0,2016.56,DAL AP payment run (prior month invoices) - 2024-08,Cash,,2024-08
771,290,MIA,2024-08-20,1300,Intercompany Receivable,Asset,Yes,3449.68,0.0,Shared services billed to branch 2 - 2024-08,Intercompany,CHI,2024-08
772,290,MIA,2024-08-20,4090,Intercompany Shared Services Revenue,Revenue,Yes,0.0,3449.68,Shared services billed to branch 2 - 2024-08,Intercompany,CHI,2024-08
773,291,CHI,2024-08-20,6070,Shared Services Allocation (Intercompany),Opex,Yes,3449.68,0.0,Shared services allocation from HQ - 2024-08,Intercompany,MIA,2024-08
774,291,CHI,2024-08-20,2200,Intercompany Payable,Liability,Yes,0.0,3449.68,Shared services allocation from HQ - 2024-08,Intercompany,MIA,2024-08
775,292,CHI,2024-08-26,2200,Intercompany Payable,Liability,Yes,3417.44,0.0,Intercompany settlement paid to HQ - 2024-08,Intercompany Cash,MIA,2024-08
776,292,CHI,2024-08-26,1000,Cash - Operating,Asset,No,0.0,3417.44,Intercompany settlement paid to HQ - 2024-08,Intercompany Cash,MIA,2024-08
777,293,MIA,2024-08-26,1000,Cash - Operating,Asset,No,3417.44,0.0,Intercompany settlement received from branch 2 - 2024-08,Intercompany Cash,CHI,2024-08
778,293,MIA,2024-08-26,1300,Intercompany Receivable,Asset,Yes,0.0,3417.44,Intercompany settlement received from branch 2 - 2024-08,Intercompany Cash,CHI,2024-08
779,294,MIA,2024-08-20,1300,Intercompany Receivable,Asset,Yes,3060.2,0.0,Shared services billed to branch 3 - 2024-08,Intercompany,DAL,2024-08
780,294,MIA,2024-08-20,4090,Intercompany Shared Services Revenue,Revenue,Yes,0.0,3060.2,Shared services billed to branch 3 - 2024-08,Intercompany,DAL,2024-08
781,295,DAL,2024-08-20,6070,Shared Services Allocation (Intercompany),Opex,Yes,3060.2,0.0,Shared services allocation from HQ - 2024-08,Intercompany,MIA,2024-08
782,295,DAL,2024-08-20,2200,Intercompany Payable,Liability,Yes,0.0,3060.2,Shared services allocation from HQ - 2024-08,Intercompany,MIA,2024-08
783,296,DAL,2024-08-26,2200,Intercompany Payable,Liability,Yes,3031.6,0.0,Intercompany settlement paid to HQ - 2024-08,Intercompany Cash,MIA,2024-08
784,296,DAL,2024-08-26,1000,Cash - Operating,Asset,No,0.0,3031.6,Intercompany settlement paid to HQ - 2024-08,Intercompany Cash,MIA,2024-08
785,297,MIA,2024-08-26,1000,Cash - Operating,Asset,No,3031.6,0.0,Intercompany settlement received from branch 3 - 2024-08,Intercompany Cash,DAL,2024-08
786,297,MIA,2024-08-26,1300,Intercompany Receivable,Asset,Yes,0.0,3031.6,Intercompany settlement received from branch 3 - 2024-08,Intercompany Cash,DAL,2024-08
787,298,MIA,2024-09-12,1100,Accounts Receivable,Asset,No,100145.0,0.0,MIA legal fees billed - 2024-09,Billing,,2024-09
788,298,MIA,2024-09-12,4010,Litigation Fees,Revenue,No,0.0,42060.9,MIA legal fees billed - 2024-09,Billing,,2024-09
789,298,MIA,2024-09-12,4020,Corporate & Transactional Fees,Revenue,No,0.0,33047.85,MIA legal fees billed - 2024-09,Billing,,2024-09
790,298,MIA,2024-09-12,4030,Family Law Fees,Revenue,No,0.0,25036.25,MIA legal fees billed - 2024-09,Billing,,2024-09
791,299,MIA,2024-09-24,1000,Cash - Operating,Asset,No,93231.9,0.0,MIA client fee collections - 2024-09,Cash Receipt,,2024-09
792,299,MIA,2024-09-24,1100,Accounts Receivable,Asset,No,0.0,93231.9,MIA client fee collections - 2024-09,Cash Receipt,,2024-09
793,300,MIA,2024-09-16,5010,Court Filing Fees,COGS,No,5687.58,0.0,MIA direct case costs - 2024-09,AP/Cash,,2024-09
794,300,MIA,2024-09-16,5020,Expert Witness Fees,COGS,No,4653.48,0.0,MIA direct case costs - 2024-09,AP/Cash,,2024-09
795,300,MIA,2024-09-16,1000,Cash - Operating,Asset,No,0.0,7238.74,MIA direct case costs - 2024-09,AP/Cash,,2024-09
796,300,MIA,2024-09-16,2000,Accounts Payable,Liability,No,0.0,3102.32,MIA direct case costs - 2024-09,AP/Cash,,2024-09
797,301,MIA,2024-09-30,6010,Attorney & Staff Payroll,Opex,No,44936.0,0.0,MIA payroll run - 2024-09,Payroll,,2024-09
798,301,MIA,2024-09-30,6020,Payroll Taxes & Benefits,Opex,No,6291.04,0.0,MIA payroll run - 2024-09,Payroll,,2024-09
799,301,MIA,2024-09-30,1000,Cash - Operating,Asset,No,0.0,51170.96,MIA payroll run - 2024-09,Payroll,,2024-09
800,301,MIA,2024-09-30,2100,Accrued Payroll,Liability,No,0.0,5122.7,MIA payroll run - 2024-09,Payroll,,2024-09
801,301,MIA,2024-09-30,2100,Accrued Payroll,Liability,No,5066.62,0.0,MIA payroll run - 2024-09,Payroll,,2024-09
802,302,MIA,2024-09-02,6030,Office Rent,Opex,No,7072.0,0.0,MIA office rent - 2024-09,Cash,,2024-09
803,302,MIA,2024-09-02,1000,Cash - Operating,Asset,No,0.0,7072.0,MIA office rent - 2024-09,Cash,,2024-09
804,303,MIA,2024-09-18,6040,Marketing & Business Development,Opex,No,3178.2,0.0,MIA marketing spend - 2024-09,AP/Cash,,2024-09
805,303,MIA,2024-09-18,1000,Cash - Operating,Asset,No,0.0,2542.56,MIA marketing spend - 2024-09,AP/Cash,,2024-09
806,303,MIA,2024-09-18,2000,Accounts Payable,Liability,No,0.0,635.64,MIA marketing spend - 2024-09,AP/Cash,,2024-09
807,304,MIA,2024-09-02,6050,Professional Insurance,Opex,No,1450.0,0.0,MIA malpractice insurance amortization - 2024-09,Prepaid Amort,,2024-09
808,304,MIA,2024-09-02,1200,Prepaid Expenses,Asset,No,0.0,1450.0,MIA malpractice insurance amortization - 2024-09,Prepaid Amort,,2024-09
809,305,MIA,2024-09-09,6060,Software & IT,Opex,No,2268.0,0.0,MIA software & IT subscriptions - 2024-09,Cash,,2024-09
810,305,MIA,2024-09-09,1000,Cash - Operating,Asset,No,0.0,2268.0,MIA software & IT subscriptions - 2024-09,Cash,,2024-09
811,306,MIA,2024-09-30,7000,Depreciation Expense,Opex,No,1100.0,0.0,MIA monthly depreciation - 2024-09,Adjusting Entry,,2024-09
812,306,MIA,2024-09-30,1500,"Fixed Assets, Net",Asset,No,0.0,1100.0,MIA monthly depreciation - 2024-09,Adjusting Entry,,2024-09
813,307,MIA,2024-09-05,2000,Accounts Payable,Liability,No,3415.98,0.0,MIA AP payment run (prior month invoices) - 2024-09,Cash,,2024-09
814,307,MIA,2024-09-05,1000,Cash - Operating,Asset,No,0.0,3415.98,MIA AP payment run (prior month invoices) - 2024-09,Cash,,2024-09
815,308,CHI,2024-09-12,1100,Accounts Receivable,Asset,No,68696.42,0.0,CHI legal fees billed - 2024-09,Billing,,2024-09
816,308,CHI,2024-09-12,4010,Litigation Fees,Revenue,No,0.0,28852.5,CHI legal fees billed - 2024-09,Billing,,2024-09
817,308,CHI,2024-09-12,4020,Corporate & Transactional Fees,Revenue,No,0.0,22669.82,CHI legal fees billed - 2024-09,Billing,,2024-09
818,308,CHI,2024-09-12,4030,Family Law Fees,Revenue,No,0.0,17174.1,CHI legal fees billed - 2024-09,Billing,,2024-09
819,309,CHI,2024-09-24,1000,Cash - Operating,Asset,No,61266.73,0.0,CHI client fee collections - 2024-09,Cash Receipt,,2024-09
820,309,CHI,2024-09-24,1100,Accounts Receivable,Asset,No,0.0,61266.73,CHI client fee collections - 2024-09,Cash Receipt,,2024-09
821,310,CHI,2024-09-16,5010,Court Filing Fees,COGS,No,3901.51,0.0,CHI direct case costs - 2024-09,AP/Cash,,2024-09
822,310,CHI,2024-09-16,5020,Expert Witness Fees,COGS,No,3192.14,0.0,CHI direct case costs - 2024-09,AP/Cash,,2024-09
823,310,CHI,2024-09-16,1000,Cash - Operating,Asset,No,0.0,4965.55,CHI direct case costs - 2024-09,AP/Cash,,2024-09
824,310,CHI,2024-09-16,2000,Accounts Payable,Liability,No,0.0,2128.1,CHI direct case costs - 2024-09,AP/Cash,,2024-09
825,311,CHI,2024-09-30,6010,Attorney & Staff Payroll,Opex,No,27860.32,0.0,CHI payroll run - 2024-09,Payroll,,2024-09
826,311,CHI,2024-09-30,6020,Payroll Taxes & Benefits,Opex,No,3900.44,0.0,CHI payroll run - 2024-09,Payroll,,2024-09
827,311,CHI,2024-09-30,1000,Cash - Operating,Asset,No,0.0,31725.98,CHI payroll run - 2024-09,Payroll,,2024-09
828,311,CHI,2024-09-30,2100,Accrued Payroll,Liability,No,0.0,3176.08,CHI payroll run - 2024-09,Payroll,,2024-09
829,311,CHI,2024-09-30,2100,Accrued Payroll,Liability,No,3141.3,0.0,CHI payroll run - 2024-09,Payroll,,2024-09
830,312,CHI,2024-09-02,6030,Office Rent,Opex,No,4384.64,0.0,CHI office rent - 2024-09,Cash,,2024-09
831,312,CHI,2024-09-02,1000,Cash - Operating,Asset,No,0.0,4384.64,CHI office rent - 2024-09,Cash,,2024-09
832,313,CHI,2024-09-18,6040,Marketing & Business Development,Opex,No,2180.15,0.0,CHI marketing spend - 2024-09,AP/Cash,,2024-09
833,313,CHI,2024-09-18,1000,Cash - Operating,Asset,No,0.0,1744.12,CHI marketing spend - 2024-09,AP/Cash,,2024-09
834,313,CHI,2024-09-18,2000,Accounts Payable,Liability,No,0.0,436.03,CHI marketing spend - 2024-09,AP/Cash,,2024-09
835,314,CHI,2024-09-02,6050,Professional Insurance,Opex,No,899.0,0.0,CHI malpractice insurance amortization - 2024-09,Prepaid Amort,,2024-09
836,314,CHI,2024-09-02,1200,Prepaid Expenses,Asset,No,0.0,899.0,CHI malpractice insurance amortization - 2024-09,Prepaid Amort,,2024-09
837,315,CHI,2024-09-09,6060,Software & IT,Opex,No,1406.16,0.0,CHI software & IT subscriptions - 2024-09,Cash,,2024-09
838,315,CHI,2024-09-09,1000,Cash - Operating,Asset,No,0.0,1406.16,CHI software & IT subscriptions - 2024-09,Cash,,2024-09
839,316,CHI,2024-09-30,7000,Depreciation Expense,Opex,No,682.0,0.0,CHI monthly depreciation - 2024-09,Adjusting Entry,,2024-09
840,316,CHI,2024-09-30,1500,"Fixed Assets, Net",Asset,No,0.0,682.0,CHI monthly depreciation - 2024-09,Adjusting Entry,,2024-09
841,317,CHI,2024-09-05,2000,Accounts Payable,Liability,No,2505.12,0.0,CHI AP payment run (prior month invoices) - 2024-09,Cash,,2024-09
842,317,CHI,2024-09-05,1000,Cash - Operating,Asset,No,0.0,2505.12,CHI AP payment run (prior month invoices) - 2024-09,Cash,,2024-09
843,318,DAL,2024-09-12,1100,Accounts Receivable,Asset,No,52956.27,0.0,DAL legal fees billed - 2024-09,Billing,,2024-09
844,318,DAL,2024-09-12,4010,Litigation Fees,Revenue,No,0.0,22241.63,DAL legal fees billed - 2024-09,Billing,,2024-09
845,318,DAL,2024-09-12,4020,Corporate & Transactional Fees,Revenue,No,0.0,17475.57,DAL legal fees billed - 2024-09,Billing,,2024-09
846,318,DAL,2024-09-12,4030,Family Law Fees,Revenue,No,0.0,13239.07,DAL legal fees billed - 2024-09,Billing,,2024-09
847,319,DAL,2024-09-24,1000,Cash - Operating,Asset,No,48323.14,0.0,DAL client fee collections - 2024-09,Cash Receipt,,2024-09
848,319,DAL,2024-09-24,1100,Accounts Receivable,Asset,No,0.0,48323.14,DAL client fee collections - 2024-09,Cash Receipt,,2024-09
849,320,DAL,2024-09-16,5010,Court Filing Fees,COGS,No,3007.57,0.0,DAL direct case costs - 2024-09,AP/Cash,,2024-09
850,320,DAL,2024-09-16,5020,Expert Witness Fees,COGS,No,2460.74,0.0,DAL direct case costs - 2024-09,AP/Cash,,2024-09
851,320,DAL,2024-09-16,1000,Cash - Operating,Asset,No,0.0,3827.82,DAL direct case costs - 2024-09,AP/Cash,,2024-09
852,320,DAL,2024-09-16,2000,Accounts Payable,Liability,No,0.0,1640.49,DAL direct case costs - 2024-09,AP/Cash,,2024-09
853,321,DAL,2024-09-30,6010,Attorney & Staff Payroll,Opex,No,24714.8,0.0,DAL payroll run - 2024-09,Payroll,,2024-09
854,321,DAL,2024-09-30,6020,Payroll Taxes & Benefits,Opex,No,3460.07,0.0,DAL payroll run - 2024-09,Payroll,,2024-09
855,321,DAL,2024-09-30,1000,Cash - Operating,Asset,No,0.0,28144.02,DAL payroll run - 2024-09,Payroll,,2024-09
856,321,DAL,2024-09-30,2100,Accrued Payroll,Liability,No,0.0,2817.49,DAL payroll run - 2024-09,Payroll,,2024-09
857,321,DAL,2024-09-30,2100,Accrued Payroll,Liability,No,2786.64,0.0,DAL payroll run - 2024-09,Payroll,,2024-09
858,322,DAL,2024-09-02,6030,Office Rent,Opex,No,3889.6,0.0,DAL office rent - 2024-09,Cash,,2024-09
859,322,DAL,2024-09-02,1000,Cash - Operating,Asset,No,0.0,3889.6,DAL office rent - 2024-09,Cash,,2024-09
860,323,DAL,2024-09-18,6040,Marketing & Business Development,Opex,No,1680.62,0.0,DAL marketing spend - 2024-09,AP/Cash,,2024-09
861,323,DAL,2024-09-18,1000,Cash - Operating,Asset,No,0.0,1344.5,DAL marketing spend - 2024-09,AP/Cash,,2024-09
862,323,DAL,2024-09-18,2000,Accounts Payable,Liability,No,0.0,336.12,DAL marketing spend - 2024-09,AP/Cash,,2024-09
863,324,DAL,2024-09-02,6050,Professional Insurance,Opex,No,797.5,0.0,DAL malpractice insurance amortization - 2024-09,Prepaid Amort,,2024-09
864,324,DAL,2024-09-02,1200,Prepaid Expenses,Asset,No,0.0,797.5,DAL malpractice insurance amortization - 2024-09,Prepaid Amort,,2024-09
865,325,DAL,2024-09-09,6060,Software & IT,Opex,No,1247.4,0.0,DAL software & IT subscriptions - 2024-09,Cash,,2024-09
866,325,DAL,2024-09-09,1000,Cash - Operating,Asset,No,0.0,1247.4,DAL software & IT subscriptions - 2024-09,Cash,,2024-09
867,326,DAL,2024-09-30,7000,Depreciation Expense,Opex,No,605.0,0.0,DAL monthly depreciation - 2024-09,Adjusting Entry,,2024-09
868,326,DAL,2024-09-30,1500,"Fixed Assets, Net",Asset,No,0.0,605.0,DAL monthly depreciation - 2024-09,Adjusting Entry,,2024-09
869,327,DAL,2024-09-05,2000,Accounts Payable,Liability,No,1894.35,0.0,DAL AP payment run (prior month invoices) - 2024-09,Cash,,2024-09
870,327,DAL,2024-09-05,1000,Cash - Operating,Asset,No,0.0,1894.35,DAL AP payment run (prior month invoices) - 2024-09,Cash,,2024-09
871,328,MIA,2024-09-20,1300,Intercompany Receivable,Asset,Yes,3481.92,0.0,Shared services billed to branch 2 - 2024-09,Intercompany,CHI,2024-09
872,328,MIA,2024-09-20,4090,Intercompany Shared Services Revenue,Revenue,Yes,0.0,3481.92,Shared services billed to branch 2 - 2024-09,Intercompany,CHI,2024-09
873,329,CHI,2024-09-20,6070,Shared Services Allocation (Intercompany),Opex,Yes,3481.92,0.0,Shared services allocation from HQ - 2024-09,Intercompany,MIA,2024-09
874,329,CHI,2024-09-20,2200,Intercompany Payable,Liability,Yes,0.0,3481.92,Shared services allocation from HQ - 2024-09,Intercompany,MIA,2024-09
875,330,CHI,2024-09-25,2200,Intercompany Payable,Liability,Yes,3449.68,0.0,Intercompany settlement paid to HQ - 2024-09,Intercompany Cash,MIA,2024-09
876,330,CHI,2024-09-25,1000,Cash - Operating,Asset,No,0.0,3449.68,Intercompany settlement paid to HQ - 2024-09,Intercompany Cash,MIA,2024-09
877,331,MIA,2024-09-25,1000,Cash - Operating,Asset,No,3449.68,0.0,Intercompany settlement received from branch 2 - 2024-09,Intercompany Cash,CHI,2024-09
878,331,MIA,2024-09-25,1300,Intercompany Receivable,Asset,Yes,0.0,3449.68,Intercompany settlement received from branch 2 - 2024-09,Intercompany Cash,CHI,2024-09
879,332,MIA,2024-09-20,1300,Intercompany Receivable,Asset,Yes,3088.8,0.0,Shared services billed to branch 3 - 2024-09,Intercompany,DAL,2024-09
880,332,MIA,2024-09-20,4090,Intercompany Shared Services Revenue,Revenue,Yes,0.0,3088.8,Shared services billed to branch 3 - 2024-09,Intercompany,DAL,2024-09
881,333,DAL,2024-09-20,6070,Shared Services Allocation (Intercompany),Opex,Yes,3088.8,0.0,Shared services allocation from HQ - 2024-09,Intercompany,MIA,2024-09
882,333,DAL,2024-09-20,2200,Intercompany Payable,Liability,Yes,0.0,3088.8,Shared services allocation from HQ - 2024-09,Intercompany,MIA,2024-09
883,334,DAL,2024-09-25,2200,Intercompany Payable,Liability,Yes,3060.2,0.0,Intercompany settlement paid to HQ - 2024-09,Intercompany Cash,MIA,2024-09
884,334,DAL,2024-09-25,1000,Cash - Operating,Asset,No,0.0,3060.2,Intercompany settlement paid to HQ - 2024-09,Intercompany Cash,MIA,2024-09
885,335,MIA,2024-09-25,1000,Cash - Operating,Asset,No,3060.2,0.0,Intercompany settlement received from branch 3 - 2024-09,Intercompany Cash,DAL,2024-09
886,335,MIA,2024-09-25,1300,Intercompany Receivable,Asset,Yes,0.0,3060.2,Intercompany settlement received from branch 3 - 2024-09,Intercompany Cash,DAL,2024-09
887,336,MIA,2024-10-14,1100,Accounts Receivable,Asset,No,92298.26,0.0,MIA legal fees billed - 2024-10,Billing,,2024-10
888,336,MIA,2024-10-14,4010,Litigation Fees,Revenue,No,0.0,38765.27,MIA legal fees billed - 2024-10,Billing,,2024-10
889,336,MIA,2024-10-14,4020,Corporate & Transactional Fees,Revenue,No,0.0,30458.43,MIA legal fees billed - 2024-10,Billing,,2024-10
890,336,MIA,2024-10-14,4030,Family Law Fees,Revenue,No,0.0,23074.56,MIA legal fees billed - 2024-10,Billing,,2024-10
891,337,MIA,2024-10-24,1000,Cash - Operating,Asset,No,87146.06,0.0,MIA client fee collections - 2024-10,Cash Receipt,,2024-10
892,337,MIA,2024-10-24,1100,Accounts Receivable,Asset,No,0.0,87146.06,MIA client fee collections - 2024-10,Cash Receipt,,2024-10
893,338,MIA,2024-10-15,5010,Court Filing Fees,COGS,No,5241.94,0.0,MIA direct case costs - 2024-10,AP/Cash,,2024-10
894,338,MIA,2024-10-15,5020,Expert Witness Fees,COGS,No,4288.86,0.0,MIA direct case costs - 2024-10,AP/Cash,,2024-10
895,338,MIA,2024-10-15,1000,Cash - Operating,Asset,No,0.0,6671.56,MIA direct case costs - 2024-10,AP/Cash,,2024-10
896,338,MIA,2024-10-15,2000,Accounts Payable,Liability,No,0.0,2859.24,MIA direct case costs - 2024-10,AP/Cash,,2024-10
897,339,MIA,2024-10-28,6010,Attorney & Staff Payroll,Opex,No,45428.0,0.0,MIA payroll run - 2024-10,Payroll,,2024-10
898,339,MIA,2024-10-28,6020,Payroll Taxes & Benefits,Opex,No,6359.92,0.0,MIA payroll run - 2024-10,Payroll,,2024-10
899,339,MIA,2024-10-28,1000,Cash - Operating,Asset,No,0.0,51731.83,MIA payroll run - 2024-10,Payroll,,2024-10
900,339,MIA,2024-10-28,2100,Accrued Payroll,Liability,No,0.0,5178.79,MIA payroll run - 2024-10,Payroll,,2024-10
901,339,MIA,2024-10-28,2100,Accrued Payroll,Liability,No,5122.7,0.0,MIA payroll run - 2024-10,Payroll,,2024-10
902,340,MIA,2024-10-01,6030,Office Rent,Opex,No,7106.0,0.0,MIA office rent - 2024-10,Cash,,2024-10
903,340,MIA,2024-10-01,1000,Cash - Operating,Asset,No,0.0,7106.0,MIA office rent - 2024-10,Cash,,2024-10
904,341,MIA,2024-10-18,6040,Marketing & Business Development,Opex,No,2897.45,0.0,MIA marketing spend - 2024-10,AP/Cash,,2024-10
905,341,MIA,2024-10-18,1000,Cash - Operating,Asset,No,0.0,2317.96,MIA marketing spend - 2024-10,AP/Cash,,2024-10
906,341,MIA,2024-10-18,2000,Accounts Payable,Liability,No,0.0,579.49,MIA marketing spend - 2024-10,AP/Cash,,2024-10
907,342,MIA,2024-10-01,6050,Professional Insurance,Opex,No,1450.0,0.0,MIA malpractice insurance amortization - 2024-10,Prepaid Amort,,2024-10
908,342,MIA,2024-10-01,1200,Prepaid Expenses,Asset,No,0.0,1450.0,MIA malpractice insurance amortization - 2024-10,Prepaid Amort,,2024-10
909,343,MIA,2024-10-09,6060,Software & IT,Opex,No,2289.0,0.0,MIA software & IT subscriptions - 2024-10,Cash,,2024-10
910,343,MIA,2024-10-09,1000,Cash - Operating,Asset,No,0.0,2289.0,MIA software & IT subscriptions - 2024-10,Cash,,2024-10
911,344,MIA,2024-10-31,7000,Depreciation Expense,Opex,No,1100.0,0.0,MIA monthly depreciation - 2024-10,Adjusting Entry,,2024-10
912,344,MIA,2024-10-31,1500,"Fixed Assets, Net",Asset,No,0.0,1100.0,MIA monthly depreciation - 2024-10,Adjusting Entry,,2024-10
913,345,MIA,2024-10-07,2000,Accounts Payable,Liability,No,3737.96,0.0,MIA AP payment run (prior month invoices) - 2024-10,Cash,,2024-10
914,345,MIA,2024-10-07,1000,Cash - Operating,Asset,No,0.0,3737.96,MIA AP payment run (prior month invoices) - 2024-10,Cash,,2024-10
915,346,CHI,2024-10-14,1100,Accounts Receivable,Asset,No,59973.02,0.0,CHI legal fees billed - 2024-10,Billing,,2024-10
916,346,CHI,2024-10-14,4010,Litigation Fees,Revenue,No,0.0,25188.67,CHI legal fees billed - 2024-10,Billing,,2024-10
917,346,CHI,2024-10-14,4020,Corporate & Transactional Fees,Revenue,No,0.0,19791.1,CHI legal fees billed - 2024-10,Billing,,2024-10
918,346,CHI,2024-10-14,4030,Family Law Fees,Revenue,No,0.0,14993.25,CHI legal fees billed - 2024-10,Billing,,2024-10
919,347,CHI,2024-10-24,1000,Cash - Operating,Asset,No,56592.2,0.0,CHI client fee collections - 2024-10,Cash Receipt,,2024-10
920,347,CHI,2024-10-24,1100,Accounts Receivable,Asset,No,0.0,56592.2,CHI client fee collections - 2024-10,Cash Receipt,,2024-10
921,348,CHI,2024-10-15,5010,Court Filing Fees,COGS,No,3406.08,0.0,CHI direct case costs - 2024-10,AP/Cash,,2024-10
922,348,CHI,2024-10-15,5020,Expert Witness Fees,COGS,No,2786.79,0.0,CHI direct case costs - 2024-10,AP/Cash,,2024-10
923,348,CHI,2024-10-15,1000,Cash - Operating,Asset,No,0.0,4335.01,CHI direct case costs - 2024-10,AP/Cash,,2024-10
924,348,CHI,2024-10-15,2000,Accounts Payable,Liability,No,0.0,1857.86,CHI direct case costs - 2024-10,AP/Cash,,2024-10
925,349,CHI,2024-10-28,6010,Attorney & Staff Payroll,Opex,No,28165.36,0.0,CHI payroll run - 2024-10,Payroll,,2024-10
926,349,CHI,2024-10-28,6020,Payroll Taxes & Benefits,Opex,No,3943.15,0.0,CHI payroll run - 2024-10,Payroll,,2024-10
927,349,CHI,2024-10-28,1000,Cash - Operating,Asset,No,0.0,32073.74,CHI payroll run - 2024-10,Payroll,,2024-10
928,349,CHI,2024-10-28,2100,Accrued Payroll,Liability,No,0.0,3210.85,CHI payroll run - 2024-10,Payroll,,2024-10
929,349,CHI,2024-10-28,2100,Accrued Payroll,Liability,No,3176.08,0.0,CHI payroll run - 2024-10,Payroll,,2024-10
930,350,CHI,2024-10-01,6030,Office Rent,Opex,No,4405.72,0.0,CHI office rent - 2024-10,Cash,,2024-10
931,350,CHI,2024-10-01,1000,Cash - Operating,Asset,No,0.0,4405.72,CHI office rent - 2024-10,Cash,,2024-10
932,351,CHI,2024-10-18,6040,Marketing & Business Development,Opex,No,1882.69,0.0,CHI marketing spend - 2024-10,AP/Cash,,2024-10
933,351,CHI,2024-10-18,1000,Cash - Operating,Asset,No,0.0,1506.15,CHI marketing spend - 2024-10,AP/Cash,,2024-10
934,351,CHI,2024-10-18,2000,Accounts Payable,Liability,No,0.0,376.54,CHI marketing spend - 2024-10,AP/Cash,,2024-10
935,352,CHI,2024-10-01,6050,Professional Insurance,Opex,No,899.0,0.0,CHI malpractice insurance amortization - 2024-10,Prepaid Amort,,2024-10
936,352,CHI,2024-10-01,1200,Prepaid Expenses,Asset,No,0.0,899.0,CHI malpractice insurance amortization - 2024-10,Prepaid Amort,,2024-10
937,353,CHI,2024-10-09,6060,Software & IT,Opex,No,1419.18,0.0,CHI software & IT subscriptions - 2024-10,Cash,,2024-10
938,353,CHI,2024-10-09,1000,Cash - Operating,Asset,No,0.0,1419.18,CHI software & IT subscriptions - 2024-10,Cash,,2024-10
939,354,CHI,2024-10-31,7000,Depreciation Expense,Opex,No,682.0,0.0,CHI monthly depreciation - 2024-10,Adjusting Entry,,2024-10
940,354,CHI,2024-10-31,1500,"Fixed Assets, Net",Asset,No,0.0,682.0,CHI monthly depreciation - 2024-10,Adjusting Entry,,2024-10
941,355,CHI,2024-10-07,2000,Accounts Payable,Liability,No,2564.13,0.0,CHI AP payment run (prior month invoices) - 2024-10,Cash,,2024-10
942,355,CHI,2024-10-07,1000,Cash - Operating,Asset,No,0.0,2564.13,CHI AP payment run (prior month invoices) - 2024-10,Cash,,2024-10
943,356,DAL,2024-10-14,1100,Accounts Receivable,Asset,No,58370.52,0.0,DAL legal fees billed - 2024-10,Billing,,2024-10
944,356,DAL,2024-10-14,4010,Litigation Fees,Revenue,No,0.0,24515.62,DAL legal fees billed - 2024-10,Billing,,2024-10
945,356,DAL,2024-10-14,4020,Corporate & Transactional Fees,Revenue,No,0.0,19262.27,DAL legal fees billed - 2024-10,Billing,,2024-10
946,356,DAL,2024-10-14,4030,Family Law Fees,Revenue,No,0.0,14592.63,DAL legal fees billed - 2024-10,Billing,,2024-10
947,357,DAL,2024-10-24,1000,Cash - Operating,Asset,No,55751.96,0.0,DAL client fee collections - 2024-10,Cash Receipt,,2024-10
948,357,DAL,2024-10-24,1100,Accounts Receivable,Asset,No,0.0,55751.96,DAL client fee collections - 2024-10,Cash Receipt,,2024-10
949,358,DAL,2024-10-15,5010,Court Filing Fees,COGS,No,3315.06,0.0,DAL direct case costs - 2024-10,AP/Cash,,2024-10
950,358,DAL,2024-10-15,5020,Expert Witness Fees,COGS,No,2712.33,0.0,DAL direct case costs - 2024-10,AP/Cash,,2024-10
951,358,DAL,2024-10-15,1000,Cash - Operating,Asset,No,0.0,4219.17,DAL direct case costs - 2024-10,AP/Cash,,2024-10
952,358,DAL,2024-10-15,2000,Accounts Payable,Liability,No,0.0,1808.22,DAL direct case costs - 2024-10,AP/Cash,,2024-10
953,359,DAL,2024-10-28,6010,Attorney & Staff Payroll,Opex,No,24985.4,0.0,DAL payroll run - 2024-10,Payroll,,2024-10
954,359,DAL,2024-10-28,6020,Payroll Taxes & Benefits,Opex,No,3497.96,0.0,DAL payroll run - 2024-10,Payroll,,2024-10
955,359,DAL,2024-10-28,1000,Cash - Operating,Asset,No,0.0,28452.51,DAL payroll run - 2024-10,Payroll,,2024-10
956,359,DAL,2024-10-28,2100,Accrued Payroll,Liability,No,0.0,2848.34,DAL payroll run - 2024-10,Payroll,,2024-10
957,359,DAL,2024-10-28,2100,Accrued Payroll,Liability,No,2817.49,0.0,DAL payroll run - 2024-10,Payroll,,2024-10
958,360,DAL,2024-10-01,6030,Office Rent,Opex,No,3908.3,0.0,DAL office rent - 2024-10,Cash,,2024-10
959,360,DAL,2024-10-01,1000,Cash - Operating,Asset,No,0.0,3908.3,DAL office rent - 2024-10,Cash,,2024-10
960,361,DAL,2024-10-18,6040,Marketing & Business Development,Opex,No,1832.38,0.0,DAL marketing spend - 2024-10,AP/Cash,,2024-10
961,361,DAL,2024-10-18,1000,Cash - Operating,Asset,No,0.0,1465.9,DAL marketing spend - 2024-10,AP/Cash,,2024-10
962,361,DAL,2024-10-18,2000,Accounts Payable,Liability,No,0.0,366.48,DAL marketing spend - 2024-10,AP/Cash,,2024-10
963,362,DAL,2024-10-01,6050,Professional Insurance,Opex,No,797.5,0.0,DAL malpractice insurance amortization - 2024-10,Prepaid Amort,,2024-10
964,362,DAL,2024-10-01,1200,Prepaid Expenses,Asset,No,0.0,797.5,DAL malpractice insurance amortization - 2024-10,Prepaid Amort,,2024-10
965,363,DAL,2024-10-09,6060,Software & IT,Opex,No,1258.95,0.0,DAL software & IT subscriptions - 2024-10,Cash,,2024-10
966,363,DAL,2024-10-09,1000,Cash - Operating,Asset,No,0.0,1258.95,DAL software & IT subscriptions - 2024-10,Cash,,2024-10
967,364,DAL,2024-10-31,7000,Depreciation Expense,Opex,No,605.0,0.0,DAL monthly depreciation - 2024-10,Adjusting Entry,,2024-10
968,364,DAL,2024-10-31,1500,"Fixed Assets, Net",Asset,No,0.0,605.0,DAL monthly depreciation - 2024-10,Adjusting Entry,,2024-10
969,365,DAL,2024-10-07,2000,Accounts Payable,Liability,No,1976.61,0.0,DAL AP payment run (prior month invoices) - 2024-10,Cash,,2024-10
970,365,DAL,2024-10-07,1000,Cash - Operating,Asset,No,0.0,1976.61,DAL AP payment run (prior month invoices) - 2024-10,Cash,,2024-10
971,366,MIA,2024-10-21,1300,Intercompany Receivable,Asset,Yes,3514.16,0.0,Shared services billed to branch 2 - 2024-10,Intercompany,CHI,2024-10
972,366,MIA,2024-10-21,4090,Intercompany Shared Services Revenue,Revenue,Yes,0.0,3514.16,Shared services billed to branch 2 - 2024-10,Intercompany,CHI,2024-10
973,367,CHI,2024-10-21,6070,Shared Services Allocation (Intercompany),Opex,Yes,3514.16,0.0,Shared services allocation from HQ - 2024-10,Intercompany,MIA,2024-10
974,367,CHI,2024-10-21,2200,Intercompany Payable,Liability,Yes,0.0,3514.16,Shared services allocation from HQ - 2024-10,Intercompany,MIA,2024-10
975,368,CHI,2024-10-25,2200,Intercompany Payable,Liability,Yes,3481.92,0.0,Intercompany settlement paid to HQ - 2024-10,Intercompany Cash,MIA,2024-10
976,368,CHI,2024-10-25,1000,Cash - Operating,Asset,No,0.0,3481.92,Intercompany settlement paid to HQ - 2024-10,Intercompany Cash,MIA,2024-10
977,369,MIA,2024-10-25,1000,Cash - Operating,Asset,No,3481.92,0.0,Intercompany settlement received from branch 2 - 2024-10,Intercompany Cash,CHI,2024-10
978,369,MIA,2024-10-25,1300,Intercompany Receivable,Asset,Yes,0.0,3481.92,Intercompany settlement received from branch 2 - 2024-10,Intercompany Cash,CHI,2024-10
979,370,MIA,2024-10-21,1300,Intercompany Receivable,Asset,Yes,3117.4,0.0,Shared services billed to branch 3 - 2024-10,Intercompany,DAL,2024-10
980,370,MIA,2024-10-21,4090,Intercompany Shared Services Revenue,Revenue,Yes,0.0,3117.4,Shared services billed to branch 3 - 2024-10,Intercompany,DAL,2024-10
981,371,DAL,2024-10-21,6070,Shared Services Allocation (Intercompany),Opex,Yes,3117.4,0.0,Shared services allocation from HQ - 2024-10,Intercompany,MIA,2024-10
982,371,DAL,2024-10-21,2200,Intercompany Payable,Liability,Yes,0.0,3117.4,Shared services allocation from HQ - 2024-10,Intercompany,MIA,2024-10
983,372,DAL,2024-10-25,2200,Intercompany Payable,Liability,Yes,3088.8,0.0,Intercompany settlement paid to HQ - 2024-10,Intercompany Cash,MIA,2024-10
984,372,DAL,2024-10-25,1000,Cash - Operating,Asset,No,0.0,3088.8,Intercompany settlement paid to HQ - 2024-10,Intercompany Cash,MIA,2024-10
985,373,MIA,2024-10-25,1000,Cash - Operating,Asset,No,3088.8,0.0,Intercompany settlement received from branch 3 - 2024-10,Intercompany Cash,DAL,2024-10
986,373,MIA,2024-10-25,1300,Intercompany Receivable,Asset,Yes,0.0,3088.8,Intercompany settlement received from branch 3 - 2024-10,Intercompany Cash,DAL,2024-10
987,374,MIA,2024-11-12,1100,Accounts Receivable,Asset,No,109251.24,0.0,MIA legal fees billed - 2024-11,Billing,,2024-11
988,374,MIA,2024-11-12,4010,Litigation Fees,Revenue,No,0.0,45885.52,MIA legal fees billed - 2024-11,Billing,,2024-11
989,374,MIA,2024-11-12,4020,Corporate & Transactional Fees,Revenue,No,0.0,36052.91,MIA legal fees billed - 2024-11,Billing,,2024-11
990,374,MIA,2024-11-12,4030,Family Law Fees,Revenue,No,0.0,27312.81,MIA legal fees billed - 2024-11,Billing,,2024-11
991,375,MIA,2024-11-25,1000,Cash - Operating,Asset,No,99507.74,0.0,MIA client fee collections - 2024-11,Cash Receipt,,2024-11
992,375,MIA,2024-11-25,1100,Accounts Receivable,Asset,No,0.0,99507.74,MIA client fee collections - 2024-11,Cash Receipt,,2024-11
993,376,MIA,2024-11-15,5010,Court Filing Fees,COGS,No,6204.76,0.0,MIA direct case costs - 2024-11,AP/Cash,,2024-11
994,376,MIA,2024-11-15,5020,Expert Witness Fees,COGS,No,5076.62,0.0,MIA direct case costs - 2024-11,AP/Cash,,2024-11
995,376,MIA,2024-11-15,1000,Cash - Operating,Asset,No,0.0,7896.97,MIA direct case costs - 2024-11,AP/Cash,,2024-11
996,376,MIA,2024-11-15,2000,Accounts Payable,Liability,No,0.0,3384.41,MIA direct case costs - 2024-11,AP/Cash,,2024-11
997,377,MIA,2024-11-28,6010,Attorney & Staff Payroll,Opex,No,45920.0,0.0,MIA payroll run - 2024-11,Payroll,,2024-11
998,377,MIA,2024-11-28,6020,Payroll Taxes & Benefits,Opex,No,6428.8,0.0,MIA payroll run - 2024-11,Payroll,,2024-11
999,377,MIA,2024-11-28,1000,Cash - Operating,Asset,No,0.0,52292.71,MIA payroll run - 2024-11,Payroll,,2024-11
1000,377,MIA,2024-11-28,2100,Accrued Payroll,Liability,No,0.0,5234.88,MIA payroll run - 2024-11,Payroll,,2024-11
1001,377,MIA,2024-11-28,2100,Accrued Payroll,Liability,No,5178.79,0.0,MIA payroll run - 2024-11,Payroll,,2024-11
1002,378,MIA,2024-11-01,6030,Office Rent,Opex,No,7140.0,0.0,MIA office rent - 2024-11,Cash,,2024-11
1003,378,MIA,2024-11-01,1000,Cash - Operating,Asset,No,0.0,7140.0,MIA office rent - 2024-11,Cash,,2024-11
1004,379,MIA,2024-11-18,6040,Marketing & Business Development,Opex,No,3392.9,0.0,MIA marketing spend - 2024-11,AP/Cash,,2024-11
1005,379,MIA,2024-11-18,1000,Cash - Operating,Asset,No,0.0,2714.32,MIA marketing spend - 2024-11,AP/Cash,,2024-11
1006,379,MIA,2024-11-18,2000,Accounts Payable,Liability,No,0.0,678.58,MIA marketing spend - 2024-11,AP/Cash,,2024-11
1007,380,MIA,2024-11-01,6050,Professional Insurance,Opex,No,1450.0,0.0,MIA malpractice insurance amortization - 2024-11,Prepaid Amort,,2024-11
1008,380,MIA,2024-11-01,1200,Prepaid Expenses,Asset,No,0.0,1450.0,MIA malpractice insurance amortization - 2024-11,Prepaid Amort,,2024-11
1009,381,MIA,2024-11-11,6060,Software & IT,Opex,No,2310.0,0.0,MIA software & IT subscriptions - 2024-11,Cash,,2024-11
1010,381,MIA,2024-11-11,1000,Cash - Operating,Asset,No,0.0,2310.0,MIA software & IT subscriptions - 2024-11,Cash,,2024-11
1011,382,MIA,2024-11-30,7000,Depreciation Expense,Opex,No,1100.0,0.0,MIA monthly depreciation - 2024-11,Adjusting Entry,,2024-11
1012,382,MIA,2024-11-30,1500,"Fixed Assets, Net",Asset,No,0.0,1100.0,MIA monthly depreciation - 2024-11,Adjusting Entry,,2024-11
1013,383,MIA,2024-11-05,2000,Accounts Payable,Liability,No,3438.73,0.0,MIA AP payment run (prior month invoices) - 2024-11,Cash,,2024-11
1014,383,MIA,2024-11-05,1000,Cash - Operating,Asset,No,0.0,3438.73,MIA AP payment run (prior month invoices) - 2024-11,Cash,,2024-11
1015,384,CHI,2024-11-12,1100,Accounts Receivable,Asset,No,67924.17,0.0,CHI legal fees billed - 2024-11,Billing,,2024-11
1016,384,CHI,2024-11-12,4010,Litigation Fees,Revenue,No,0.0,28528.15,CHI legal fees billed - 2024-11,Billing,,2024-11
1017,384,CHI,2024-11-12,4020,Corporate & Transactional Fees,Revenue,No,0.0,22414.98,CHI legal fees billed - 2024-11,Billing,,2024-11
1018,384,CHI,2024-11-12,4030,Family Law Fees,Revenue,No,0.0,16981.04,CHI legal fees billed - 2024-11,Billing,,2024-11
1019,385,CHI,2024-11-25,1000,Cash - Operating,Asset,No,63382.69,0.0,CHI client fee collections - 2024-11,Cash Receipt,,2024-11
1020,385,CHI,2024-11-25,1100,Accounts Receivable,Asset,No,0.0,63382.69,CHI client fee collections - 2024-11,Cash Receipt,,2024-11
1021,386,CHI,2024-11-15,5010,Court Filing Fees,COGS,No,3857.65,0.0,CHI direct case costs - 2024-11,AP/Cash,,2024-11
1022,386,CHI,2024-11-15,5020,Expert Witness Fees,COGS,No,3156.26,0.0,CHI direct case costs - 2024-11,AP/Cash,,2024-11
1023,386,CHI,2024-11-15,1000,Cash - Operating,Asset,No,0.0,4909.74,CHI direct case costs - 2024-11,AP/Cash,,2024-11
1024,386,CHI,2024-11-15,2000,Accounts Payable,Liability,No,0.0,2104.17,CHI direct case costs - 2024-11,AP/Cash,,2024-11
1025,387,CHI,2024-11-28,6010,Attorney & Staff Payroll,Opex,No,28470.4,0.0,CHI payroll run - 2024-11,Payroll,,2024-11
1026,387,CHI,2024-11-28,6020,Payroll Taxes & Benefits,Opex,No,3985.86,0.0,CHI payroll run - 2024-11,Payroll,,2024-11
1027,387,CHI,2024-11-28,1000,Cash - Operating,Asset,No,0.0,32421.48,CHI payroll run - 2024-11,Payroll,,2024-11
1028,387,CHI,2024-11-28,2100,Accrued Payroll,Liability,No,0.0,3245.63,CHI payroll run - 2024-11,Payroll,,2024-11
1029,387,CHI,2024-11-28,2100,Accrued Payroll,Liability,No,3210.85,0.0,CHI payroll run - 2024-11,Payroll,,2024-11
1030,388,CHI,2024-11-01,6030,Office Rent,Opex,No,4426.8,0.0,CHI office rent - 2024-11,Cash,,2024-11
1031,388,CHI,2024-11-01,1000,Cash - Operating,Asset,No,0.0,4426.8,CHI office rent - 2024-11,Cash,,2024-11
1032,389,CHI,2024-11-18,6040,Marketing & Business Development,Opex,No,2109.45,0.0,CHI marketing spend - 2024-11,AP/Cash,,2024-11
1033,389,CHI,2024-11-18,1000,Cash - Operating,Asset,No,0.0,1687.56,CHI marketing spend - 2024-11,AP/Cash,,2024-11
1034,389,CHI,2024-11-18,2000,Accounts Payable,Liability,No,0.0,421.89,CHI marketing spend - 2024-11,AP/Cash,,2024-11
1035,390,CHI,2024-11-01,6050,Professional Insurance,Opex,No,899.0,0.0,CHI malpractice insurance amortization - 2024-11,Prepaid Amort,,2024-11
1036,390,CHI,2024-11-01,1200,Prepaid Expenses,Asset,No,0.0,899.0,CHI malpractice insurance amortization - 2024-11,Prepaid Amort,,2024-11
1037,391,CHI,2024-11-11,6060,Software & IT,Opex,No,1432.2,0.0,CHI software & IT subscriptions - 2024-11,Cash,,2024-11
1038,391,CHI,2024-11-11,1000,Cash - Operating,Asset,No,0.0,1432.2,CHI software & IT subscriptions - 2024-11,Cash,,2024-11
1039,392,CHI,2024-11-30,7000,Depreciation Expense,Opex,No,682.0,0.0,CHI monthly depreciation - 2024-11,Adjusting Entry,,2024-11
1040,392,CHI,2024-11-30,1500,"Fixed Assets, Net",Asset,No,0.0,682.0,CHI monthly depreciation - 2024-11,Adjusting Entry,,2024-11
1041,393,CHI,2024-11-05,2000,Accounts Payable,Liability,No,2234.4,0.0,CHI AP payment run (prior month invoices) - 2024-11,Cash,,2024-11
1042,393,CHI,2024-11-05,1000,Cash - Operating,Asset,No,0.0,2234.4,CHI AP payment run (prior month invoices) - 2024-11,Cash,,2024-11
1043,394,DAL,2024-11-12,1100,Accounts Receivable,Asset,No,56021.86,0.0,DAL legal fees billed - 2024-11,Billing,,2024-11
1044,394,DAL,2024-11-12,4010,Litigation Fees,Revenue,No,0.0,23529.18,DAL legal fees billed - 2024-11,Billing,,2024-11
1045,394,DAL,2024-11-12,4020,Corporate & Transactional Fees,Revenue,No,0.0,18487.21,DAL legal fees billed - 2024-11,Billing,,2024-11
1046,394,DAL,2024-11-12,4030,Family Law Fees,Revenue,No,0.0,14005.47,DAL legal fees billed - 2024-11,Billing,,2024-11
1047,395,DAL,2024-11-25,1000,Cash - Operating,Asset,No,53513.71,0.0,DAL client fee collections - 2024-11,Cash Receipt,,2024-11
1048,395,DAL,2024-11-25,1100,Accounts Receivable,Asset,No,0.0,53513.71,DAL client fee collections - 2024-11,Cash Receipt,,2024-11
1049,396,DAL,2024-11-15,5010,Court Filing Fees,COGS,No,3181.68,0.0,DAL direct case costs - 2024-11,AP/Cash,,2024-11
1050,396,DAL,2024-11-15,5020,Expert Witness Fees,COGS,No,2603.19,0.0,DAL direct case costs - 2024-11,AP/Cash,,2024-11
1051,396,DAL,2024-11-15,1000,Cash - Operating,Asset,No,0.0,4049.41,DAL direct case costs - 2024-11,AP/Cash,,2024-11
1052,396,DAL,2024-11-15,2000,Accounts Payable,Liability,No,0.0,1735.46,DAL direct case costs - 2024-11,AP/Cash,,2024-11
1053,397,DAL,2024-11-28,6010,Attorney & Staff Payroll,Opex,No,25256.0,0.0,DAL payroll run - 2024-11,Payroll,,2024-11
1054,397,DAL,2024-11-28,6020,Payroll Taxes & Benefits,Opex,No,3535.84,0.0,DAL payroll run - 2024-11,Payroll,,2024-11
1055,397,DAL,2024-11-28,1000,Cash - Operating,Asset,No,0.0,28761.0,DAL payroll run - 2024-11,Payroll,,2024-11
1056,397,DAL,2024-11-28,2100,Accrued Payroll,Liability,No,0.0,2879.18,DAL payroll run - 2024-11,Payroll,,2024-11
1057,397,DAL,2024-11-28,2100,Accrued Payroll,Liability,No,2848.34,0.0,DAL payroll run - 2024-11,Payroll,,2024-11
1058,398,DAL,2024-11-01,6030,Office Rent,Opex,No,3927.0,0.0,DAL office rent - 2024-11,Cash,,2024-11
1059,398,DAL,2024-11-01,1000,Cash - Operating,Asset,No,0.0,3927.0,DAL office rent - 2024-11,Cash,,2024-11
1060,399,DAL,2024-11-18,6040,Marketing & Business Development,Opex,No,1739.81,0.0,DAL marketing spend - 2024-11,AP/Cash,,2024-11
1061,399,DAL,2024-11-18,1000,Cash - Operating,Asset,No,0.0,1391.85,DAL marketing spend - 2024-11,AP/Cash,,2024-11
1062,399,DAL,2024-11-18,2000,Accounts Payable,Liability,No,0.0,347.96,DAL marketing spend - 2024-11,AP/Cash,,2024-11
1063,400,DAL,2024-11-01,6050,Professional Insurance,Opex,No,797.5,0.0,DAL malpractice insurance amortization - 2024-11,Prepaid Amort,,2024-11
1064,400,DAL,2024-11-01,1200,Prepaid Expenses,Asset,No,0.0,797.5,DAL malpractice insurance amortization - 2024-11,Prepaid Amort,,2024-11
1065,401,DAL,2024-11-11,6060,Software & IT,Opex,No,1270.5,0.0,DAL software & IT subscriptions - 2024-11,Cash,,2024-11
1066,401,DAL,2024-11-11,1000,Cash - Operating,Asset,No,0.0,1270.5,DAL software & IT subscriptions - 2024-11,Cash,,2024-11
1067,402,DAL,2024-11-30,7000,Depreciation Expense,Opex,No,605.0,0.0,DAL monthly depreciation - 2024-11,Adjusting Entry,,2024-11
1068,402,DAL,2024-11-30,1500,"Fixed Assets, Net",Asset,No,0.0,605.0,DAL monthly depreciation - 2024-11,Adjusting Entry,,2024-11
1069,403,DAL,2024-11-05,2000,Accounts Payable,Liability,No,2174.7,0.0,DAL AP payment run (prior month invoices) - 2024-11,Cash,,2024-11
1070,403,DAL,2024-11-05,1000,Cash - Operating,Asset,No,0.0,2174.7,DAL AP payment run (prior month invoices) - 2024-11,Cash,,2024-11
1071,404,MIA,2024-11-20,1300,Intercompany Receivable,Asset,Yes,3546.4,0.0,Shared services billed to branch 2 - 2024-11,Intercompany,CHI,2024-11
1072,404,MIA,2024-11-20,4090,Intercompany Shared Services Revenue,Revenue,Yes,0.0,3546.4,Shared services billed to branch 2 - 2024-11,Intercompany,CHI,2024-11
1073,405,CHI,2024-11-20,6070,Shared Services Allocation (Intercompany),Opex,Yes,3546.4,0.0,Shared services allocation from HQ - 2024-11,Intercompany,MIA,2024-11
1074,405,CHI,2024-11-20,2200,Intercompany Payable,Liability,Yes,0.0,3546.4,Shared services allocation from HQ - 2024-11,Intercompany,MIA,2024-11
1075,406,CHI,2024-11-25,2200,Intercompany Payable,Liability,Yes,3514.16,0.0,Intercompany settlement paid to HQ - 2024-11,Intercompany Cash,MIA,2024-11
1076,406,CHI,2024-11-25,1000,Cash - Operating,Asset,No,0.0,3514.16,Intercompany settlement paid to HQ - 2024-11,Intercompany Cash,MIA,2024-11
1077,407,MIA,2024-11-25,1000,Cash - Operating,Asset,No,3514.16,0.0,Intercompany settlement received from branch 2 - 2024-11,Intercompany Cash,CHI,2024-11
1078,407,MIA,2024-11-25,1300,Intercompany Receivable,Asset,Yes,0.0,3514.16,Intercompany settlement received from branch 2 - 2024-11,Intercompany Cash,CHI,2024-11
1079,408,MIA,2024-11-20,1300,Intercompany Receivable,Asset,Yes,3146.0,0.0,Shared services billed to branch 3 - 2024-11,Intercompany,DAL,2024-11
1080,408,MIA,2024-11-20,4090,Intercompany Shared Services Revenue,Revenue,Yes,0.0,3146.0,Shared services billed to branch 3 - 2024-11,Intercompany,DAL,2024-11
1081,409,DAL,2024-11-20,6070,Shared Services Allocation (Intercompany),Opex,Yes,3146.0,0.0,Shared services allocation from HQ - 2024-11,Intercompany,MIA,2024-11
1082,409,DAL,2024-11-20,2200,Intercompany Payable,Liability,Yes,0.0,3146.0,Shared services allocation from HQ - 2024-11,Intercompany,MIA,2024-11
1083,410,DAL,2024-11-25,2200,Intercompany Payable,Liability,Yes,3117.4,0.0,Intercompany settlement paid to HQ - 2024-11,Intercompany Cash,MIA,2024-11
1084,410,DAL,2024-11-25,1000,Cash - Operating,Asset,No,0.0,3117.4,Intercompany settlement paid to HQ - 2024-11,Intercompany Cash,MIA,2024-11
1085,411,MIA,2024-11-25,1000,Cash - Operating,Asset,No,3117.4,0.0,Intercompany settlement received from branch 3 - 2024-11,Intercompany Cash,DAL,2024-11
1086,411,MIA,2024-11-25,1300,Intercompany Receivable,Asset,Yes,0.0,3117.4,Intercompany settlement received from branch 3 - 2024-11,Intercompany Cash,DAL,2024-11
1087,412,MIA,2024-12-12,1100,Accounts Receivable,Asset,No,103579.06,0.0,MIA legal fees billed - 2024-12,Billing,,2024-12
1088,412,MIA,2024-12-12,4010,Litigation Fees,Revenue,No,0.0,43503.21,MIA legal fees billed - 2024-12,Billing,,2024-12
1089,412,MIA,2024-12-12,4020,Corporate & Transactional Fees,Revenue,No,0.0,34181.09,MIA legal fees billed - 2024-12,Billing,,2024-12
1090,412,MIA,2024-12-12,4030,Family Law Fees,Revenue,No,0.0,25894.76,MIA legal fees billed - 2024-12,Billing,,2024-12
1091,413,MIA,2024-12-24,1000,Cash - Operating,Asset,No,94813.45,0.0,MIA client fee collections - 2024-12,Cash Receipt,,2024-12
1092,413,MIA,2024-12-24,1100,Accounts Receivable,Asset,No,0.0,94813.45,MIA client fee collections - 2024-12,Cash Receipt,,2024-12
1093,414,MIA,2024-12-16,5010,Court Filing Fees,COGS,No,5882.61,0.0,MIA direct case costs - 2024-12,AP/Cash,,2024-12
1094,414,MIA,2024-12-16,5020,Expert Witness Fees,COGS,No,4813.05,0.0,MIA direct case costs - 2024-12,AP/Cash,,2024-12
1095,414,MIA,2024-12-16,1000,Cash - Operating,Asset,No,0.0,7486.96,MIA direct case costs - 2024-12,AP/Cash,,2024-12
1096,414,MIA,2024-12-16,2000,Accounts Payable,Liability,No,0.0,3208.7,MIA direct case costs - 2024-12,AP/Cash,,2024-12
1097,415,MIA,2024-12-30,6010,Attorney & Staff Payroll,Opex,No,46412.0,0.0,MIA payroll run - 2024-12,Payroll,,2024-12
1098,415,MIA,2024-12-30,6020,Payroll Taxes & Benefits,Opex,No,6497.68,0.0,MIA payroll run - 2024-12,Payroll,,2024-12
1099,415,MIA,2024-12-30,1000,Cash - Operating,Asset,No,0.0,52853.59,MIA payroll run - 2024-12,Payroll,,2024-12
1100,415,MIA,2024-12-30,2100,Accrued Payroll,Liability,No,0.0,5290.97,MIA payroll run - 2024-12,Payroll,,2024-12
1101,415,MIA,2024-12-30,2100,Accrued Payroll,Liability,No,5234.88,0.0,MIA payroll run - 2024-12,Payroll,,2024-12
1102,416,MIA,2024-12-02,6030,Office Rent,Opex,No,7174.0,0.0,MIA office rent - 2024-12,Cash,,2024-12
1103,416,MIA,2024-12-02,1000,Cash - Operating,Asset,No,0.0,7174.0,MIA office rent - 2024-12,Cash,,2024-12
1104,417,MIA,2024-12-18,6040,Marketing & Business Development,Opex,No,3182.64,0.0,MIA marketing spend - 2024-12,AP/Cash,,2024-12
1105,417,MIA,2024-12-18,1000,Cash - Operating,Asset,No,0.0,2546.11,MIA marketing spend - 2024-12,AP/Cash,,2024-12
1106,417,MIA,2024-12-18,2000,Accounts Payable,Liability,No,0.0,636.53,MIA marketing spend - 2024-12,AP/Cash,,2024-12
1107,418,MIA,2024-12-02,6050,Professional Insurance,Opex,No,1450.0,0.0,MIA malpractice insurance amortization - 2024-12,Prepaid Amort,,2024-12
1108,418,MIA,2024-12-02,1200,Prepaid Expenses,Asset,No,0.0,1450.0,MIA malpractice insurance amortization - 2024-12,Prepaid Amort,,2024-12
1109,419,MIA,2024-12-09,6060,Software & IT,Opex,No,2331.0,0.0,MIA software & IT subscriptions - 2024-12,Cash,,2024-12
1110,419,MIA,2024-12-09,1000,Cash - Operating,Asset,No,0.0,2331.0,MIA software & IT subscriptions - 2024-12,Cash,,2024-12
1111,420,MIA,2024-12-31,7000,Depreciation Expense,Opex,No,1100.0,0.0,MIA monthly depreciation - 2024-12,Adjusting Entry,,2024-12
1112,420,MIA,2024-12-31,1500,"Fixed Assets, Net",Asset,No,0.0,1100.0,MIA monthly depreciation - 2024-12,Adjusting Entry,,2024-12
1113,421,MIA,2024-12-05,2000,Accounts Payable,Liability,No,4062.99,0.0,MIA AP payment run (prior month invoices) - 2024-12,Cash,,2024-12
1114,421,MIA,2024-12-05,1000,Cash - Operating,Asset,No,0.0,4062.99,MIA AP payment run (prior month invoices) - 2024-12,Cash,,2024-12
1115,422,CHI,2024-12-12,1100,Accounts Receivable,Asset,No,67103.43,0.0,CHI legal fees billed - 2024-12,Billing,,2024-12
1116,422,CHI,2024-12-12,4010,Litigation Fees,Revenue,No,0.0,28183.44,CHI legal fees billed - 2024-12,Billing,,2024-12
1117,422,CHI,2024-12-12,4020,Corporate & Transactional Fees,Revenue,No,0.0,22144.13,CHI legal fees billed - 2024-12,Billing,,2024-12
1118,422,CHI,2024-12-12,4030,Family Law Fees,Revenue,No,0.0,16775.86,CHI legal fees billed - 2024-12,Billing,,2024-12
1119,423,CHI,2024-12-24,1000,Cash - Operating,Asset,No,62662.77,0.0,CHI client fee collections - 2024-12,Cash Receipt,,2024-12
1120,423,CHI,2024-12-24,1100,Accounts Receivable,Asset,No,0.0,62662.77,CHI client fee collections - 2024-12,Cash Receipt,,2024-12
1121,424,CHI,2024-12-16,5010,Court Filing Fees,COGS,No,3811.04,0.0,CHI direct case costs - 2024-12,AP/Cash,,2024-12
1122,424,CHI,2024-12-16,5020,Expert Witness Fees,COGS,No,3118.12,0.0,CHI direct case costs - 2024-12,AP/Cash,,2024-12
1123,424,CHI,2024-12-16,1000,Cash - Operating,Asset,No,0.0,4850.41,CHI direct case costs - 2024-12,AP/Cash,,2024-12
1124,424,CHI,2024-12-16,2000,Accounts Payable,Liability,No,0.0,2078.75,CHI direct case costs - 2024-12,AP/Cash,,2024-12
1125,425,CHI,2024-12-30,6010,Attorney & Staff Payroll,Opex,No,28775.44,0.0,CHI payroll run - 2024-12,Payroll,,2024-12
1126,425,CHI,2024-12-30,6020,Payroll Taxes & Benefits,Opex,No,4028.56,0.0,CHI payroll run - 2024-12,Payroll,,2024-12
1127,425,CHI,2024-12-30,1000,Cash - Operating,Asset,No,0.0,32769.23,CHI payroll run - 2024-12,Payroll,,2024-12
1128,425,CHI,2024-12-30,2100,Accrued Payroll,Liability,No,0.0,3280.4,CHI payroll run - 2024-12,Payroll,,2024-12
1129,425,CHI,2024-12-30,2100,Accrued Payroll,Liability,No,3245.63,0.0,CHI payroll run - 2024-12,Payroll,,2024-12
1130,426,CHI,2024-12-02,6030,Office Rent,Opex,No,4447.88,0.0,CHI office rent - 2024-12,Cash,,2024-12
1131,426,CHI,2024-12-02,1000,Cash - Operating,Asset,No,0.0,4447.88,CHI office rent - 2024-12,Cash,,2024-12
1132,427,CHI,2024-12-18,6040,Marketing & Business Development,Opex,No,2061.87,0.0,CHI marketing spend - 2024-12,AP/Cash,,2024-12
1133,427,CHI,2024-12-18,1000,Cash - Operating,Asset,No,0.0,1649.5,CHI marketing spend - 2024-12,AP/Cash,,2024-12
1134,427,CHI,2024-12-18,2000,Accounts Payable,Liability,No,0.0,412.37,CHI marketing spend - 2024-12,AP/Cash,,2024-12
1135,428,CHI,2024-12-02,6050,Professional Insurance,Opex,No,899.0,0.0,CHI malpractice insurance amortization - 2024-12,Prepaid Amort,,2024-12
1136,428,CHI,2024-12-02,1200,Prepaid Expenses,Asset,No,0.0,899.0,CHI malpractice insurance amortization - 2024-12,Prepaid Amort,,2024-12
1137,429,CHI,2024-12-09,6060,Software & IT,Opex,No,1445.22,0.0,CHI software & IT subscriptions - 2024-12,Cash,,2024-12
1138,429,CHI,2024-12-09,1000,Cash - Operating,Asset,No,0.0,1445.22,CHI software & IT subscriptions - 2024-12,Cash,,2024-12
1139,430,CHI,2024-12-31,7000,Depreciation Expense,Opex,No,682.0,0.0,CHI monthly depreciation - 2024-12,Adjusting Entry,,2024-12
1140,430,CHI,2024-12-31,1500,"Fixed Assets, Net",Asset,No,0.0,682.0,CHI monthly depreciation - 2024-12,Adjusting Entry,,2024-12
1141,431,CHI,2024-12-05,2000,Accounts Payable,Liability,No,2526.06,0.0,CHI AP payment run (prior month invoices) - 2024-12,Cash,,2024-12
1142,431,CHI,2024-12-05,1000,Cash - Operating,Asset,No,0.0,2526.06,CHI AP payment run (prior month invoices) - 2024-12,Cash,,2024-12
1143,432,DAL,2024-12-12,1100,Accounts Receivable,Asset,No,56773.83,0.0,DAL legal fees billed - 2024-12,Billing,,2024-12
1144,432,DAL,2024-12-12,4010,Litigation Fees,Revenue,No,0.0,23845.01,DAL legal fees billed - 2024-12,Billing,,2024-12
1145,432,DAL,2024-12-12,4020,Corporate & Transactional Fees,Revenue,No,0.0,18735.36,DAL legal fees billed - 2024-12,Billing,,2024-12
1146,432,DAL,2024-12-12,4030,Family Law Fees,Revenue,No,0.0,14193.46,DAL legal fees billed - 2024-12,Billing,,2024-12
1147,433,DAL,2024-12-24,1000,Cash - Operating,Asset,No,52206.39,0.0,DAL client fee collections - 2024-12,Cash Receipt,,2024-12
1148,433,DAL,2024-12-24,1100,Accounts Receivable,Asset,No,0.0,52206.39,DAL client fee collections - 2024-12,Cash Receipt,,2024-12
1149,434,DAL,2024-12-16,5010,Court Filing Fees,COGS,No,3224.38,0.0,DAL direct case costs - 2024-12,AP/Cash,,2024-12
1150,434,DAL,2024-12-16,5020,Expert Witness Fees,COGS,No,2638.13,0.0,DAL direct case costs - 2024-12,AP/Cash,,2024-12
1151,434,DAL,2024-12-16,1000,Cash - Operating,Asset,No,0.0,4103.76,DAL direct case costs - 2024-12,AP/Cash,,2024-12
1152,434,DAL,2024-12-16,2000,Accounts Payable,Liability,No,0.0,1758.75,DAL direct case costs - 2024-12,AP/Cash,,2024-12
1153,435,DAL,2024-12-30,6010,Attorney & Staff Payroll,Opex,No,25526.6,0.0,DAL payroll run - 2024-12,Payroll,,2024-12
1154,435,DAL,2024-12-30,6020,Payroll Taxes & Benefits,Opex,No,3573.72,0.0,DAL payroll run - 2024-12,Payroll,,2024-12
1155,435,DAL,2024-12-30,1000,Cash - Operating,Asset,No,0.0,29069.47,DAL payroll run - 2024-12,Payroll,,2024-12
1156,435,DAL,2024-12-30,2100,Accrued Payroll,Liability,No,0.0,2910.03,DAL payroll run - 2024-12,Payroll,,2024-12
1157,435,DAL,2024-12-30,2100,Accrued Payroll,Liability,No,2879.18,0.0,DAL payroll run - 2024-12,Payroll,,2024-12
1158,436,DAL,2024-12-02,6030,Office Rent,Opex,No,3945.7,0.0,DAL office rent - 2024-12,Cash,,2024-12
1159,436,DAL,2024-12-02,1000,Cash - Operating,Asset,No,0.0,3945.7,DAL office rent - 2024-12,Cash,,2024-12
1160,437,DAL,2024-12-18,6040,Marketing & Business Development,Opex,No,1744.47,0.0,DAL marketing spend - 2024-12,AP/Cash,,2024-12
1161,437,DAL,2024-12-18,1000,Cash - Operating,Asset,No,0.0,1395.58,DAL marketing spend - 2024-12,AP/Cash,,2024-12
1162,437,DAL,2024-12-18,2000,Accounts Payable,Liability,No,0.0,348.89,DAL marketing spend - 2024-12,AP/Cash,,2024-12
1163,438,DAL,2024-12-02,6050,Professional Insurance,Opex,No,797.5,0.0,DAL malpractice insurance amortization - 2024-12,Prepaid Amort,,2024-12
1164,438,DAL,2024-12-02,1200,Prepaid Expenses,Asset,No,0.0,797.5,DAL malpractice insurance amortization - 2024-12,Prepaid Amort,,2024-12
1165,439,DAL,2024-12-09,6060,Software & IT,Opex,No,1282.05,0.0,DAL software & IT subscriptions - 2024-12,Cash,,2024-12
1166,439,DAL,2024-12-09,1000,Cash - Operating,Asset,No,0.0,1282.05,DAL software & IT subscriptions - 2024-12,Cash,,2024-12
1167,440,DAL,2024-12-31,7000,Depreciation Expense,Opex,No,605.0,0.0,DAL monthly depreciation - 2024-12,Adjusting Entry,,2024-12
1168,440,DAL,2024-12-31,1500,"Fixed Assets, Net",Asset,No,0.0,605.0,DAL monthly depreciation - 2024-12,Adjusting Entry,,2024-12
1169,441,DAL,2024-12-05,2000,Accounts Payable,Liability,No,2083.42,0.0,DAL AP payment run (prior month invoices) - 2024-12,Cash,,2024-12
1170,441,DAL,2024-12-05,1000,Cash - Operating,Asset,No,0.0,2083.42,DAL AP payment run (prior month invoices) - 2024-12,Cash,,2024-12
1171,442,MIA,2024-12-20,1300,Intercompany Receivable,Asset,Yes,3578.64,0.0,Shared services billed to branch 2 - 2024-12,Intercompany,CHI,2024-12
1172,442,MIA,2024-12-20,4090,Intercompany Shared Services Revenue,Revenue,Yes,0.0,3578.64,Shared services billed to branch 2 - 2024-12,Intercompany,CHI,2024-12
1173,443,CHI,2024-12-20,6070,Shared Services Allocation (Intercompany),Opex,Yes,3578.64,0.0,Shared services allocation from HQ - 2024-12,Intercompany,MIA,2024-12
1174,443,CHI,2024-12-20,2200,Intercompany Payable,Liability,Yes,0.0,3578.64,Shared services allocation from HQ - 2024-12,Intercompany,MIA,2024-12
1175,444,CHI,2024-12-25,2200,Intercompany Payable,Liability,Yes,3546.4,0.0,Intercompany settlement paid to HQ - 2024-12,Intercompany Cash,MIA,2024-12
1176,444,CHI,2024-12-25,1000,Cash - Operating,Asset,No,0.0,3546.4,Intercompany settlement paid to HQ - 2024-12,Intercompany Cash,MIA,2024-12
1177,445,MIA,2024-12-25,1000,Cash - Operating,Asset,No,3546.4,0.0,Intercompany settlement received from branch 2 - 2024-12,Intercompany Cash,CHI,2024-12
1178,445,MIA,2024-12-25,1300,Intercompany Receivable,Asset,Yes,0.0,3546.4,Intercompany settlement received from branch 2 - 2024-12,Intercompany Cash,CHI,2024-12
1179,446,MIA,2024-12-20,1300,Intercompany Receivable,Asset,Yes,3174.6,0.0,Shared services billed to branch 3 - 2024-12,Intercompany,DAL,2024-12
1180,446,MIA,2024-12-20,4090,Intercompany Shared Services Revenue,Revenue,Yes,0.0,3174.6,Shared services billed to branch 3 - 2024-12,Intercompany,DAL,2024-12
1181,447,DAL,2024-12-20,6070,Shared Services Allocation (Intercompany),Opex,Yes,3174.6,0.0,Shared services allocation from HQ - 2024-12,Intercompany,MIA,2024-12
1182,447,DAL,2024-12-20,2200,Intercompany Payable,Liability,Yes,0.0,3174.6,Shared services allocation from HQ - 2024-12,Intercompany,MIA,2024-12
1183,448,DAL,2024-12-25,2200,Intercompany Payable,Liability,Yes,3146.0,0.0,Intercompany settlement paid to HQ - 2024-12,Intercompany Cash,MIA,2024-12
1184,448,DAL,2024-12-25,1000,Cash - Operating,Asset,No,0.0,3146.0,Intercompany settlement paid to HQ - 2024-12,Intercompany Cash,MIA,2024-12
1185,449,MIA,2024-12-25,1000,Cash - Operating,Asset,No,3146.0,0.0,Intercompany settlement received from branch 3 - 2024-12,Intercompany Cash,DAL,2024-12
1186,449,MIA,2024-12-25,1300,Intercompany Receivable,Asset,Yes,0.0,3146.0,Intercompany settlement received from branch 3 - 2024-12,Intercompany Cash,DAL,2024-12
1187,450,MIA,2025-01-13,1100,Accounts Receivable,Asset,No,98795.78,0.0,MIA legal fees billed - 2025-01,Billing,,2025-01
1188,450,MIA,2025-01-13,4010,Litigation Fees,Revenue,No,0.0,41494.23,MIA legal fees billed - 2025-01,Billing,,2025-01
1189,450,MIA,2025-01-13,4020,Corporate & Transactional Fees,Revenue,No,0.0,32602.61,MIA legal fees billed - 2025-01,Billing,,2025-01
1190,450,MIA,2025-01-13,4030,Family Law Fees,Revenue,No,0.0,24698.94,MIA legal fees billed - 2025-01,Billing,,2025-01
1191,451,MIA,2025-01-24,1000,Cash - Operating,Asset,No,88909.87,0.0,MIA client fee collections - 2025-01,Cash Receipt,,2025-01
1192,451,MIA,2025-01-24,1100,Accounts Receivable,Asset,No,0.0,88909.87,MIA client fee collections - 2025-01,Cash Receipt,,2025-01
1193,452,MIA,2025-01-15,5010,Court Filing Fees,COGS,No,5610.96,0.0,MIA direct case costs - 2025-01,AP/Cash,,2025-01
1194,452,MIA,2025-01-15,5020,Expert Witness Fees,COGS,No,4590.78,0.0,MIA direct case costs - 2025-01,AP/Cash,,2025-01
1195,452,MIA,2025-01-15,1000,Cash - Operating,Asset,No,0.0,7141.22,MIA direct case costs - 2025-01,AP/Cash,,2025-01
1196,452,MIA,2025-01-15,2000,Accounts Payable,Liability,No,0.0,3060.52,MIA direct case costs - 2025-01,AP/Cash,,2025-01
1197,453,MIA,2025-01-28,6010,Attorney & Staff Payroll,Opex,No,46904.0,0.0,MIA payroll run - 2025-01,Payroll,,2025-01
1198,453,MIA,2025-01-28,6020,Payroll Taxes & Benefits,Opex,No,6566.56,0.0,MIA payroll run - 2025-01,Payroll,,2025-01
1199,453,MIA,2025-01-28,1000,Cash - Operating,Asset,No,0.0,53414.47,MIA payroll run - 2025-01,Payroll,,2025-01
1200,453,MIA,2025-01-28,2100,Accrued Payroll,Liability,No,0.0,5347.06,MIA payroll run - 2025-01,Payroll,,2025-01
1201,453,MIA,2025-01-28,2100,Accrued Payroll,Liability,No,5290.97,0.0,MIA payroll run - 2025-01,Payroll,,2025-01
1202,454,MIA,2025-01-01,6030,Office Rent,Opex,No,7208.0,0.0,MIA office rent - 2025-01,Cash,,2025-01
1203,454,MIA,2025-01-01,1000,Cash - Operating,Asset,No,0.0,7208.0,MIA office rent - 2025-01,Cash,,2025-01
1204,455,MIA,2025-01-20,6040,Marketing & Business Development,Opex,No,3003.82,0.0,MIA marketing spend - 2025-01,AP/Cash,,2025-01
1205,455,MIA,2025-01-20,1000,Cash - Operating,Asset,No,0.0,2403.06,MIA marketing spend - 2025-01,AP/Cash,,2025-01
1206,455,MIA,2025-01-20,2000,Accounts Payable,Liability,No,0.0,600.76,MIA marketing spend - 2025-01,AP/Cash,,2025-01
1207,456,MIA,2025-01-01,6050,Professional Insurance,Opex,No,1450.0,0.0,MIA malpractice insurance amortization - 2025-01,Prepaid Amort,,2025-01
1208,456,MIA,2025-01-01,1200,Prepaid Expenses,Asset,No,0.0,1450.0,MIA malpractice insurance amortization - 2025-01,Prepaid Amort,,2025-01
1209,457,MIA,2025-01-09,6060,Software & IT,Opex,No,2352.0,0.0,MIA software & IT subscriptions - 2025-01,Cash,,2025-01
1210,457,MIA,2025-01-09,1000,Cash - Operating,Asset,No,0.0,2352.0,MIA software & IT subscriptions - 2025-01,Cash,,2025-01
1211,458,MIA,2025-01-31,7000,Depreciation Expense,Opex,No,1100.0,0.0,MIA monthly depreciation - 2025-01,Adjusting Entry,,2025-01
1212,458,MIA,2025-01-31,1500,"Fixed Assets, Net",Asset,No,0.0,1100.0,MIA monthly depreciation - 2025-01,Adjusting Entry,,2025-01
1213,459,MIA,2025-01-06,2000,Accounts Payable,Liability,No,3845.23,0.0,MIA AP payment run (prior month invoices) - 2025-01,Cash,,2025-01
1214,459,MIA,2025-01-06,1000,Cash - Operating,Asset,No,0.0,3845.23,MIA AP payment run (prior month invoices) - 2025-01,Cash,,2025-01
1215,460,CHI,2025-01-13,1100,Accounts Receivable,Asset,No,71525.54,0.0,CHI legal fees billed - 2025-01,Billing,,2025-01
1216,460,CHI,2025-01-13,4010,Litigation Fees,Revenue,No,0.0,30040.73,CHI legal fees billed - 2025-01,Billing,,2025-01
1217,460,CHI,2025-01-13,4020,Corporate & Transactional Fees,Revenue,No,0.0,23603.43,CHI legal fees billed - 2025-01,Billing,,2025-01
1218,460,CHI,2025-01-13,4030,Family Law Fees,Revenue,No,0.0,17881.38,CHI legal fees billed - 2025-01,Billing,,2025-01
1219,461,CHI,2025-01-24,1000,Cash - Operating,Asset,No,67695.03,0.0,CHI client fee collections - 2025-01,Cash Receipt,,2025-01
1220,461,CHI,2025-01-24,1100,Accounts Receivable,Asset,No,0.0,67695.03,CHI client fee collections - 2025-01,Cash Receipt,,2025-01
1221,462,CHI,2025-01-15,5010,Court Filing Fees,COGS,No,4062.18,0.0,CHI direct case costs - 2025-01,AP/Cash,,2025-01
1222,462,CHI,2025-01-15,5020,Expert Witness Fees,COGS,No,3323.61,0.0,CHI direct case costs - 2025-01,AP/Cash,,2025-01
1223,462,CHI,2025-01-15,1000,Cash - Operating,Asset,No,0.0,5170.05,CHI direct case costs - 2025-01,AP/Cash,,2025-01
1224,462,CHI,2025-01-15,2000,Accounts Payable,Liability,No,0.0,2215.74,CHI direct case costs - 2025-01,AP/Cash,,2025-01
1225,463,CHI,2025-01-28,6010,Attorney & Staff Payroll,Opex,No,29080.48,0.0,CHI payroll run - 2025-01,Payroll,,2025-01
1226,463,CHI,2025-01-28,6020,Payroll Taxes & Benefits,Opex,No,4071.27,0.0,CHI payroll run - 2025-01,Payroll,,2025-01
1227,463,CHI,2025-01-28,1000,Cash - Operating,Asset,No,0.0,33116.98,CHI payroll run - 2025-01,Payroll,,2025-01
1228,463,CHI,2025-01-28,2100,Accrued Payroll,Liability,No,0.0,3315.17,CHI payroll run - 2025-01,Payroll,,2025-01
1229,463,CHI,2025-01-28,2100,Accrued Payroll,Liability,No,3280.4,0.0,CHI payroll run - 2025-01,Payroll,,2025-01
1230,464,CHI,2025-01-01,6030,Office Rent,Opex,No,4468.96,0.0,CHI office rent - 2025-01,Cash,,2025-01
1231,464,CHI,2025-01-01,1000,Cash - Operating,Asset,No,0.0,4468.96,CHI office rent - 2025-01,Cash,,2025-01
1232,465,CHI,2025-01-20,6040,Marketing & Business Development,Opex,No,2174.69,0.0,CHI marketing spend - 2025-01,AP/Cash,,2025-01
1233,465,CHI,2025-01-20,1000,Cash - Operating,Asset,No,0.0,1739.75,CHI marketing spend - 2025-01,AP/Cash,,2025-01
1234,465,CHI,2025-01-20,2000,Accounts Payable,Liability,No,0.0,434.94,CHI marketing spend - 2025-01,AP/Cash,,2025-01
1235,466,CHI,2025-01-01,6050,Professional Insurance,Opex,No,899.0,0.0,CHI malpractice insurance amortization - 2025-01,Prepaid Amort,,2025-01
1236,466,CHI,2025-01-01,1200,Prepaid Expenses,Asset,No,0.0,899.0,CHI malpractice insurance amortization - 2025-01,Prepaid Amort,,2025-01
1237,467,CHI,2025-01-09,6060,Software & IT,Opex,No,1458.24,0.0,CHI software & IT subscriptions - 2025-01,Cash,,2025-01
1238,467,CHI,2025-01-09,1000,Cash - Operating,Asset,No,0.0,1458.24,CHI software & IT subscriptions - 2025-01,Cash,,2025-01
1239,468,CHI,2025-01-31,7000,Depreciation Expense,Opex,No,682.0,0.0,CHI monthly depreciation - 2025-01,Adjusting Entry,,2025-01
1240,468,CHI,2025-01-31,1500,"Fixed Assets, Net",Asset,No,0.0,682.0,CHI monthly depreciation - 2025-01,Adjusting Entry,,2025-01
1241,469,CHI,2025-01-06,2000,Accounts Payable,Liability,No,2491.12,0.0,CHI AP payment run (prior month invoices) - 2025-01,Cash,,2025-01
1242,469,CHI,2025-01-06,1000,Cash - Operating,Asset,No,0.0,2491.12,CHI AP payment run (prior month invoices) - 2025-01,Cash,,2025-01
1243,470,DAL,2025-01-13,1100,Accounts Receivable,Asset,No,61850.4,0.0,DAL legal fees billed - 2025-01,Billing,,2025-01
1244,470,DAL,2025-01-13,4010,Litigation Fees,Revenue,No,0.0,25977.17,DAL legal fees billed - 2025-01,Billing,,2025-01
1245,470,DAL,2025-01-13,4020,Corporate & Transactional Fees,Revenue,No,0.0,20410.63,DAL legal fees billed - 2025-01,Billing,,2025-01
1246,470,DAL,2025-01-13,4030,Family Law Fees,Revenue,No,0.0,15462.6,DAL legal fees billed - 2025-01,Billing,,2025-01
1247,471,DAL,2025-01-24,1000,Cash - Operating,Asset,No,54811.74,0.0,DAL client fee collections - 2025-01,Cash Receipt,,2025-01
1248,471,DAL,2025-01-24,1100,Accounts Receivable,Asset,No,0.0,54811.74,DAL client fee collections - 2025-01,Cash Receipt,,2025-01
1249,472,DAL,2025-01-15,5010,Court Filing Fees,COGS,No,3512.7,0.0,DAL direct case costs - 2025-01,AP/Cash,,2025-01
1250,472,DAL,2025-01-15,5020,Expert Witness Fees,COGS,No,2874.03,0.0,DAL direct case costs - 2025-01,AP/Cash,,2025-01
1251,472,DAL,2025-01-15,1000,Cash - Operating,Asset,No,0.0,4470.71,DAL direct case costs - 2025-01,AP/Cash,,2025-01
1252,472,DAL,2025-01-15,2000,Accounts Payable,Liability,No,0.0,1916.02,DAL direct case costs - 2025-01,AP/Cash,,2025-01
1253,473,DAL,2025-01-28,6010,Attorney & Staff Payroll,Opex,No,25797.2,0.0,DAL payroll run - 2025-01,Payroll,,2025-01
1254,473,DAL,2025-01-28,6020,Payroll Taxes & Benefits,Opex,No,3611.61,0.0,DAL payroll run - 2025-01,Payroll,,2025-01
1255,473,DAL,2025-01-28,1000,Cash - Operating,Asset,No,0.0,29377.96,DAL payroll run - 2025-01,Payroll,,2025-01
1256,473,DAL,2025-01-28,2100,Accrued Payroll,Liability,No,0.0,2940.88,DAL payroll run - 2025-01,Payroll,,2025-01
1257,473,DAL,2025-01-28,2100,Accrued Payroll,Liability,No,2910.03,0.0,DAL payroll run - 2025-01,Payroll,,2025-01
1258,474,DAL,2025-01-01,6030,Office Rent,Opex,No,3964.4,0.0,DAL office rent - 2025-01,Cash,,2025-01
1259,474,DAL,2025-01-01,1000,Cash - Operating,Asset,No,0.0,3964.4,DAL office rent - 2025-01,Cash,,2025-01
1260,475,DAL,2025-01-20,6040,Marketing & Business Development,Opex,No,1880.52,0.0,DAL marketing spend - 2025-01,AP/Cash,,2025-01
1261,475,DAL,2025-01-20,1000,Cash - Operating,Asset,No,0.0,1504.42,DAL marketing spend - 2025-01,AP/Cash,,2025-01
1262,475,DAL,2025-01-20,2000,Accounts Payable,Liability,No,0.0,376.1,DAL marketing spend - 2025-01,AP/Cash,,2025-01
1263,476,DAL,2025-01-01,6050,Professional Insurance,Opex,No,797.5,0.0,DAL malpractice insurance amortization - 2025-01,Prepaid Amort,,2025-01
1264,476,DAL,2025-01-01,1200,Prepaid Expenses,Asset,No,0.0,797.5,DAL malpractice insurance amortization - 2025-01,Prepaid Amort,,2025-01
1265,477,DAL,2025-01-09,6060,Software & IT,Opex,No,1293.6,0.0,DAL software & IT subscriptions - 2025-01,Cash,,2025-01
1266,477,DAL,2025-01-09,1000,Cash - Operating,Asset,No,0.0,1293.6,DAL software & IT subscriptions - 2025-01,Cash,,2025-01
1267,478,DAL,2025-01-31,7000,Depreciation Expense,Opex,No,605.0,0.0,DAL monthly depreciation - 2025-01,Adjusting Entry,,2025-01
1268,478,DAL,2025-01-31,1500,"Fixed Assets, Net",Asset,No,0.0,605.0,DAL monthly depreciation - 2025-01,Adjusting Entry,,2025-01
1269,479,DAL,2025-01-06,2000,Accounts Payable,Liability,No,2107.64,0.0,DAL AP payment run (prior month invoices) - 2025-01,Cash,,2025-01
1270,479,DAL,2025-01-06,1000,Cash - Operating,Asset,No,0.0,2107.64,DAL AP payment run (prior month invoices) - 2025-01,Cash,,2025-01
1271,480,MIA,2025-01-20,1300,Intercompany Receivable,Asset,Yes,3610.88,0.0,Shared services billed to branch 2 - 2025-01,Intercompany,CHI,2025-01
1272,480,MIA,2025-01-20,4090,Intercompany Shared Services Revenue,Revenue,Yes,0.0,3610.88,Shared services billed to branch 2 - 2025-01,Intercompany,CHI,2025-01
1273,481,CHI,2025-01-20,6070,Shared Services Allocation (Intercompany),Opex,Yes,3610.88,0.0,Shared services allocation from HQ - 2025-01,Intercompany,MIA,2025-01
1274,481,CHI,2025-01-20,2200,Intercompany Payable,Liability,Yes,0.0,3610.88,Shared services allocation from HQ - 2025-01,Intercompany,MIA,2025-01
1275,482,CHI,2025-01-27,2200,Intercompany Payable,Liability,Yes,3578.64,0.0,Intercompany settlement paid to HQ - 2025-01,Intercompany Cash,MIA,2025-01
1276,482,CHI,2025-01-27,1000,Cash - Operating,Asset,No,0.0,3578.64,Intercompany settlement paid to HQ - 2025-01,Intercompany Cash,MIA,2025-01
1277,483,MIA,2025-01-27,1000,Cash - Operating,Asset,No,3578.64,0.0,Intercompany settlement received from branch 2 - 2025-01,Intercompany Cash,CHI,2025-01
1278,483,MIA,2025-01-27,1300,Intercompany Receivable,Asset,Yes,0.0,3578.64,Intercompany settlement received from branch 2 - 2025-01,Intercompany Cash,CHI,2025-01
1279,484,MIA,2025-01-20,1300,Intercompany Receivable,Asset,Yes,3203.2,0.0,Shared services billed to branch 3 - 2025-01,Intercompany,DAL,2025-01
1280,484,MIA,2025-01-20,4090,Intercompany Shared Services Revenue,Revenue,Yes,0.0,3203.2,Shared services billed to branch 3 - 2025-01,Intercompany,DAL,2025-01
1281,485,DAL,2025-01-20,6070,Shared Services Allocation (Intercompany),Opex,Yes,3203.2,0.0,Shared services allocation from HQ - 2025-01,Intercompany,MIA,2025-01
1282,485,DAL,2025-01-20,2200,Intercompany Payable,Liability,Yes,0.0,3203.2,Shared services allocation from HQ - 2025-01,Intercompany,MIA,2025-01
1283,486,DAL,2025-01-27,2200,Intercompany Payable,Liability,Yes,3174.6,0.0,Intercompany settlement paid to HQ - 2025-01,Intercompany Cash,MIA,2025-01
1284,486,DAL,2025-01-27,1000,Cash - Operating,Asset,No,0.0,3174.6,Intercompany settlement paid to HQ - 2025-01,Intercompany Cash,MIA,2025-01
1285,487,MIA,2025-01-27,1000,Cash - Operating,Asset,No,3174.6,0.0,Intercompany settlement received from branch 3 - 2025-01,Intercompany Cash,DAL,2025-01
1286,487,MIA,2025-01-27,1300,Intercompany Receivable,Asset,Yes,0.0,3174.6,Intercompany settlement received from branch 3 - 2025-01,Intercompany Cash,DAL,2025-01
1287,488,MIA,2025-02-12,1100,Accounts Receivable,Asset,No,112245.2,0.0,MIA legal fees billed - 2025-02,Billing,,2025-02
1288,488,MIA,2025-02-12,4010,Litigation Fees,Revenue,No,0.0,47142.98,MIA legal fees billed - 2025-02,Billing,,2025-02
1289,488,MIA,2025-02-12,4020,Corporate & Transactional Fees,Revenue,No,0.0,37040.92,MIA legal fees billed - 2025-02,Billing,,2025-02
1290,488,MIA,2025-02-12,4030,Family Law Fees,Revenue,No,0.0,28061.3,MIA legal fees billed - 2025-02,Billing,,2025-02
1291,489,MIA,2025-02-24,1000,Cash - Operating,Asset,No,102509.27,0.0,MIA client fee collections - 2025-02,Cash Receipt,,2025-02
1292,489,MIA,2025-02-24,1100,Accounts Receivable,Asset,No,0.0,102509.27,MIA client fee collections - 2025-02,Cash Receipt,,2025-02
1293,490,MIA,2025-02-17,5010,Court Filing Fees,COGS,No,6374.8,0.0,MIA direct case costs - 2025-02,AP/Cash,,2025-02
1294,490,MIA,2025-02-17,5020,Expert Witness Fees,COGS,No,5215.74,0.0,MIA direct case costs - 2025-02,AP/Cash,,2025-02
1295,490,MIA,2025-02-17,1000,Cash - Operating,Asset,No,0.0,8113.38,MIA direct case costs - 2025-02,AP/Cash,,2025-02
1296,490,MIA,2025-02-17,2000,Accounts Payable,Liability,No,0.0,3477.16,MIA direct case costs - 2025-02,AP/Cash,,2025-02
1297,491,MIA,2025-02-28,6010,Attorney & Staff Payroll,Opex,No,47396.0,0.0,MIA payroll run - 2025-02,Payroll,,2025-02
1298,491,MIA,2025-02-28,6020,Payroll Taxes & Benefits,Opex,No,6635.44,0.0,MIA payroll run - 2025-02,Payroll,,2025-02
1299,491,MIA,2025-02-28,1000,Cash - Operating,Asset,No,0.0,53975.36,MIA payroll run - 2025-02,Payroll,,2025-02
1300,491,MIA,2025-02-28,2100,Accrued Payroll,Liability,No,0.0,5403.14,MIA payroll run - 2025-02,Payroll,,2025-02
1301,491,MIA,2025-02-28,2100,Accrued Payroll,Liability,No,5347.06,0.0,MIA payroll run - 2025-02,Payroll,,2025-02
1302,492,MIA,2025-02-03,6030,Office Rent,Opex,No,7242.0,0.0,MIA office rent - 2025-02,Cash,,2025-02
1303,492,MIA,2025-02-03,1000,Cash - Operating,Asset,No,0.0,7242.0,MIA office rent - 2025-02,Cash,,2025-02
1304,493,MIA,2025-02-18,6040,Marketing & Business Development,Opex,No,3377.32,0.0,MIA marketing spend - 2025-02,AP/Cash,,2025-02
1305,493,MIA,2025-02-18,1000,Cash - Operating,Asset,No,0.0,2701.86,MIA marketing spend - 2025-02,AP/Cash,,2025-02
1306,493,MIA,2025-02-18,2000,Accounts Payable,Liability,No,0.0,675.46,MIA marketing spend - 2025-02,AP/Cash,,2025-02
1307,494,MIA,2025-02-03,6050,Professional Insurance,Opex,No,1450.0,0.0,MIA malpractice insurance amortization - 2025-02,Prepaid Amort,,2025-02
1308,494,MIA,2025-02-03,1200,Prepaid Expenses,Asset,No,0.0,1450.0,MIA malpractice insurance amortization - 2025-02,Prepaid Amort,,2025-02
1309,495,MIA,2025-02-10,6060,Software & IT,Opex,No,2373.0,0.0,MIA software & IT subscriptions - 2025-02,Cash,,2025-02
1310,495,MIA,2025-02-10,1000,Cash - Operating,Asset,No,0.0,2373.0,MIA software & IT subscriptions - 2025-02,Cash,,2025-02
1311,496,MIA,2025-02-28,7000,Depreciation Expense,Opex,No,1100.0,0.0,MIA monthly depreciation - 2025-02,Adjusting Entry,,2025-02
1312,496,MIA,2025-02-28,1500,"Fixed Assets, Net",Asset,No,0.0,1100.0,MIA monthly depreciation - 2025-02,Adjusting Entry,,2025-02
1313,497,MIA,2025-02-05,2000,Accounts Payable,Liability,No,3661.28,0.0,MIA AP payment run (prior month invoices) - 2025-02,Cash,,2025-02
1314,497,MIA,2025-02-05,1000,Cash - Operating,Asset,No,0.0,3661.28,MIA AP payment run (prior month invoices) - 2025-02,Cash,,2025-02
1315,498,CHI,2025-02-12,1100,Accounts Receivable,Asset,No,64862.38,0.0,CHI legal fees billed - 2025-02,Billing,,2025-02
1316,498,CHI,2025-02-12,4010,Litigation Fees,Revenue,No,0.0,27242.2,CHI legal fees billed - 2025-02,Billing,,2025-02
1317,498,CHI,2025-02-12,4020,Corporate & Transactional Fees,Revenue,No,0.0,21404.59,CHI legal fees billed - 2025-02,Billing,,2025-02
1318,498,CHI,2025-02-12,4030,Family Law Fees,Revenue,No,0.0,16215.59,CHI legal fees billed - 2025-02,Billing,,2025-02
1319,499,CHI,2025-02-24,1000,Cash - Operating,Asset,No,61507.43,0.0,CHI client fee collections - 2025-02,Cash Receipt,,2025-02
1320,499,CHI,2025-02-24,1100,Accounts Receivable,Asset,No,0.0,61507.43,CHI client fee collections - 2025-02,Cash Receipt,,2025-02
1321,500,CHI,2025-02-17,5010,Court Filing Fees,COGS,No,3683.76,0.0,CHI direct case costs - 2025-02,AP/Cash,,2025-02
1322,500,CHI,2025-02-17,5020,Expert Witness Fees,COGS,No,3013.99,0.0,CHI direct case costs - 2025-02,AP/Cash,,2025-02
1323,500,CHI,2025-02-17,1000,Cash - Operating,Asset,No,0.0,4688.42,CHI direct case costs - 2025-02,AP/Cash,,2025-02
1324,500,CHI,2025-02-17,2000,Accounts Payable,Liability,No,0.0,2009.33,CHI direct case costs - 2025-02,AP/Cash,,2025-02
1325,501,CHI,2025-02-28,6010,Attorney & Staff Payroll,Opex,No,29385.52,0.0,CHI payroll run - 2025-02,Payroll,,2025-02
1326,501,CHI,2025-02-28,6020,Payroll Taxes & Benefits,Opex,No,4113.97,0.0,CHI payroll run - 2025-02,Payroll,,2025-02
1327,501,CHI,2025-02-28,1000,Cash - Operating,Asset,No,0.0,33464.71,CHI payroll run - 2025-02,Payroll,,2025-02
1328,501,CHI,2025-02-28,2100,Accrued Payroll,Liability,No,0.0,3349.95,CHI payroll run - 2025-02,Payroll,,2025-02
1329,501,CHI,2025-02-28,2100,Accrued Payroll,Liability,No,3315.17,0.0,CHI payroll run - 2025-02,Payroll,,2025-02
1330,502,CHI,2025-02-03,6030,Office Rent,Opex,No,4490.04,0.0,CHI office rent - 2025-02,Cash,,2025-02
1331,502,CHI,2025-02-03,1000,Cash - Operating,Asset,No,0.0,4490.04,CHI office rent - 2025-02,Cash,,2025-02
1332,503,CHI,2025-02-18,6040,Marketing & Business Development,Opex,No,1951.63,0.0,CHI marketing spend - 2025-02,AP/Cash,,2025-02
1333,503,CHI,2025-02-18,1000,Cash - Operating,Asset,No,0.0,1561.3,CHI marketing spend - 2025-02,AP/Cash,,2025-02
1334,503,CHI,2025-02-18,2000,Accounts Payable,Liability,No,0.0,390.33,CHI marketing spend - 2025-02,AP/Cash,,2025-02
1335,504,CHI,2025-02-03,6050,Professional Insurance,Opex,No,899.0,0.0,CHI malpractice insurance amortization - 2025-02,Prepaid Amort,,2025-02
1336,504,CHI,2025-02-03,1200,Prepaid Expenses,Asset,No,0.0,899.0,CHI malpractice insurance amortization - 2025-02,Prepaid Amort,,2025-02
1337,505,CHI,2025-02-10,6060,Software & IT,Opex,No,1471.26,0.0,CHI software & IT subscriptions - 2025-02,Cash,,2025-02
1338,505,CHI,2025-02-10,1000,Cash - Operating,Asset,No,0.0,1471.26,CHI software & IT subscriptions - 2025-02,Cash,,2025-02
1339,506,CHI,2025-02-28,7000,Depreciation Expense,Opex,No,682.0,0.0,CHI monthly depreciation - 2025-02,Adjusting Entry,,2025-02
1340,506,CHI,2025-02-28,1500,"Fixed Assets, Net",Asset,No,0.0,682.0,CHI monthly depreciation - 2025-02,Adjusting Entry,,2025-02
1341,507,CHI,2025-02-05,2000,Accounts Payable,Liability,No,2650.68,0.0,CHI AP payment run (prior month invoices) - 2025-02,Cash,,2025-02
1342,507,CHI,2025-02-05,1000,Cash - Operating,Asset,No,0.0,2650.68,CHI AP payment run (prior month invoices) - 2025-02,Cash,,2025-02
1343,508,DAL,2025-02-12,1100,Accounts Receivable,Asset,No,58252.84,0.0,DAL legal fees billed - 2025-02,Billing,,2025-02
1344,508,DAL,2025-02-12,4010,Litigation Fees,Revenue,No,0.0,24466.19,DAL legal fees billed - 2025-02,Billing,,2025-02
1345,508,DAL,2025-02-12,4020,Corporate & Transactional Fees,Revenue,No,0.0,19223.44,DAL legal fees billed - 2025-02,Billing,,2025-02
1346,508,DAL,2025-02-12,4030,Family Law Fees,Revenue,No,0.0,14563.21,DAL legal fees billed - 2025-02,Billing,,2025-02
1347,509,DAL,2025-02-24,1000,Cash - Operating,Asset,No,53146.71,0.0,DAL client fee collections - 2025-02,Cash Receipt,,2025-02
1348,509,DAL,2025-02-24,1100,Accounts Receivable,Asset,No,0.0,53146.71,DAL client fee collections - 2025-02,Cash Receipt,,2025-02
1349,510,DAL,2025-02-17,5010,Court Filing Fees,COGS,No,3308.38,0.0,DAL direct case costs - 2025-02,AP/Cash,,2025-02
1350,510,DAL,2025-02-17,5020,Expert Witness Fees,COGS,No,2706.86,0.0,DAL direct case costs - 2025-02,AP/Cash,,2025-02
1351,510,DAL,2025-02-17,1000,Cash - Operating,Asset,No,0.0,4210.67,DAL direct case costs - 2025-02,AP/Cash,,2025-02
1352,510,DAL,2025-02-17,2000,Accounts Payable,Liability,No,0.0,1804.57,DAL direct case costs - 2025-02,AP/Cash,,2025-02
1353,511,DAL,2025-02-28,6010,Attorney & Staff Payroll,Opex,No,26067.8,0.0,DAL payroll run - 2025-02,Payroll,,2025-02
1354,511,DAL,2025-02-28,6020,Payroll Taxes & Benefits,Opex,No,3649.49,0.0,DAL payroll run - 2025-02,Payroll,,2025-02
1355,511,DAL,2025-02-28,1000,Cash - Operating,Asset,No,0.0,29686.44,DAL payroll run - 2025-02,Payroll,,2025-02
1356,511,DAL,2025-02-28,2100,Accrued Payroll,Liability,No,0.0,2971.73,DAL payroll run - 2025-02,Payroll,,2025-02
1357,511,DAL,2025-02-28,2100,Accrued Payroll,Liability,No,2940.88,0.0,DAL payroll run - 2025-02,Payroll,,2025-02
1358,512,DAL,2025-02-03,6030,Office Rent,Opex,No,3983.1,0.0,DAL office rent - 2025-02,Cash,,2025-02
1359,512,DAL,2025-02-03,1000,Cash - Operating,Asset,No,0.0,3983.1,DAL office rent - 2025-02,Cash,,2025-02
1360,513,DAL,2025-02-18,6040,Marketing & Business Development,Opex,No,1752.76,0.0,DAL marketing spend - 2025-02,AP/Cash,,2025-02
1361,513,DAL,2025-02-18,1000,Cash - Operating,Asset,No,0.0,1402.21,DAL marketing spend - 2025-02,AP/Cash,,2025-02
1362,513,DAL,2025-02-18,2000,Accounts Payable,Liability,No,0.0,350.55,DAL marketing spend - 2025-02,AP/Cash,,2025-02
1363,514,DAL,2025-02-03,6050,Professional Insurance,Opex,No,797.5,0.0,DAL malpractice insurance amortization - 2025-02,Prepaid Amort,,2025-02
1364,514,DAL,2025-02-03,1200,Prepaid Expenses,Asset,No,0.0,797.5,DAL malpractice insurance amortization - 2025-02,Prepaid Amort,,2025-02
1365,515,DAL,2025-02-10,6060,Software & IT,Opex,No,1305.15,0.0,DAL software & IT subscriptions - 2025-02,Cash,,2025-02
1366,515,DAL,2025-02-10,1000,Cash - Operating,Asset,No,0.0,1305.15,DAL software & IT subscriptions - 2025-02,Cash,,2025-02
1367,516,DAL,2025-02-28,7000,Depreciation Expense,Opex,No,605.0,0.0,DAL monthly depreciation - 2025-02,Adjusting Entry,,2025-02
1368,516,DAL,2025-02-28,1500,"Fixed Assets, Net",Asset,No,0.0,605.0,DAL monthly depreciation - 2025-02,Adjusting Entry,,2025-02
1369,517,DAL,2025-02-05,2000,Accounts Payable,Liability,No,2292.12,0.0,DAL AP payment run (prior month invoices) - 2025-02,Cash,,2025-02
1370,517,DAL,2025-02-05,1000,Cash - Operating,Asset,No,0.0,2292.12,DAL AP payment run (prior month invoices) - 2025-02,Cash,,2025-02
1371,518,MIA,2025-02-20,1300,Intercompany Receivable,Asset,Yes,3643.12,0.0,Shared services billed to branch 2 - 2025-02,Intercompany,CHI,2025-02
1372,518,MIA,2025-02-20,4090,Intercompany Shared Services Revenue,Revenue,Yes,0.0,3643.12,Shared services billed to branch 2 - 2025-02,Intercompany,CHI,2025-02
1373,519,CHI,2025-02-20,6070,Shared Services Allocation (Intercompany),Opex,Yes,3643.12,0.0,Shared services allocation from HQ - 2025-02,Intercompany,MIA,2025-02
1374,519,CHI,2025-02-20,2200,Intercompany Payable,Liability,Yes,0.0,3643.12,Shared services allocation from HQ - 2025-02,Intercompany,MIA,2025-02
1375,520,CHI,2025-02-25,2200,Intercompany Payable,Liability,Yes,3610.88,0.0,Intercompany settlement paid to HQ - 2025-02,Intercompany Cash,MIA,2025-02
1376,520,CHI,2025-02-25,1000,Cash - Operating,Asset,No,0.0,3610.88,Intercompany settlement paid to HQ - 2025-02,Intercompany Cash,MIA,2025-02
1377,521,MIA,2025-02-25,1000,Cash - Operating,Asset,No,3610.88,0.0,Intercompany settlement received from branch 2 - 2025-02,Intercompany Cash,CHI,2025-02
1378,521,MIA,2025-02-25,1300,Intercompany Receivable,Asset,Yes,0.0,3610.88,Intercompany settlement received from branch 2 - 2025-02,Intercompany Cash,CHI,2025-02
1379,522,MIA,2025-02-20,1300,Intercompany Receivable,Asset,Yes,3231.8,0.0,Shared services billed to branch 3 - 2025-02,Intercompany,DAL,2025-02
1380,522,MIA,2025-02-20,4090,Intercompany Shared Services Revenue,Revenue,Yes,0.0,3231.8,Shared services billed to branch 3 - 2025-02,Intercompany,DAL,2025-02
1381,523,DAL,2025-02-20,6070,Shared Services Allocation (Intercompany),Opex,Yes,3231.8,0.0,Shared services allocation from HQ - 2025-02,Intercompany,MIA,2025-02
1382,523,DAL,2025-02-20,2200,Intercompany Payable,Liability,Yes,0.0,3231.8,Shared services allocation from HQ - 2025-02,Intercompany,MIA,2025-02
1383,524,DAL,2025-02-25,2200,Intercompany Payable,Liability,Yes,3203.2,0.0,Intercompany settlement paid to HQ - 2025-02,Intercompany Cash,MIA,2025-02
1384,524,DAL,2025-02-25,1000,Cash - Operating,Asset,No,0.0,3203.2,Intercompany settlement paid to HQ - 2025-02,Intercompany Cash,MIA,2025-02
1385,525,MIA,2025-02-25,1000,Cash - Operating,Asset,No,3203.2,0.0,Intercompany settlement received from branch 3 - 2025-02,Intercompany Cash,DAL,2025-02
1386,525,MIA,2025-02-25,1300,Intercompany Receivable,Asset,Yes,0.0,3203.2,Intercompany settlement received from branch 3 - 2025-02,Intercompany Cash,DAL,2025-02
1387,526,MIA,2025-03-12,1100,Accounts Receivable,Asset,No,97351.1,0.0,MIA legal fees billed - 2025-03,Billing,,2025-03
1388,526,MIA,2025-03-12,4010,Litigation Fees,Revenue,No,0.0,40887.46,MIA legal fees billed - 2025-03,Billing,,2025-03
1389,526,MIA,2025-03-12,4020,Corporate & Transactional Fees,Revenue,No,0.0,32125.86,MIA legal fees billed - 2025-03,Billing,,2025-03
1390,526,MIA,2025-03-12,4030,Family Law Fees,Revenue,No,0.0,24337.78,MIA legal fees billed - 2025-03,Billing,,2025-03
1391,527,MIA,2025-03-24,1000,Cash - Operating,Asset,No,86060.59,0.0,MIA client fee collections - 2025-03,Cash Receipt,,2025-03
1392,527,MIA,2025-03-24,1100,Accounts Receivable,Asset,No,0.0,86060.59,MIA client fee collections - 2025-03,Cash Receipt,,2025-03
1393,528,MIA,2025-03-17,5010,Court Filing Fees,COGS,No,5528.91,0.0,MIA direct case costs - 2025-03,AP/Cash,,2025-03
1394,528,MIA,2025-03-17,5020,Expert Witness Fees,COGS,No,4523.65,0.0,MIA direct case costs - 2025-03,AP/Cash,,2025-03
1395,528,MIA,2025-03-17,1000,Cash - Operating,Asset,No,0.0,7036.79,MIA direct case costs - 2025-03,AP/Cash,,2025-03
1396,528,MIA,2025-03-17,2000,Accounts Payable,Liability,No,0.0,3015.77,MIA direct case costs - 2025-03,AP/Cash,,2025-03
1397,529,MIA,2025-03-28,6010,Attorney & Staff Payroll,Opex,No,47888.0,0.0,MIA payroll run - 2025-03,Payroll,,2025-03
1398,529,MIA,2025-03-28,6020,Payroll Taxes & Benefits,Opex,No,6704.32,0.0,MIA payroll run - 2025-03,Payroll,,2025-03
1399,529,MIA,2025-03-28,1000,Cash - Operating,Asset,No,0.0,54536.23,MIA payroll run - 2025-03,Payroll,,2025-03
1400,529,MIA,2025-03-28,2100,Accrued Payroll,Liability,No,0.0,5459.23,MIA payroll run - 2025-03,Payroll,,2025-03
1401,529,MIA,2025-03-28,2100,Accrued Payroll,Liability,No,5403.14,0.0,MIA payroll run - 2025-03,Payroll,,2025-03
1402,530,MIA,2025-03-03,6030,Office Rent,Opex,No,7276.0,0.0,MIA office rent - 2025-03,Cash,,2025-03
1403,530,MIA,2025-03-03,1000,Cash - Operating,Asset,No,0.0,7276.0,MIA office rent - 2025-03,Cash,,2025-03
1404,531,MIA,2025-03-18,6040,Marketing & Business Development,Opex,No,2899.08,0.0,MIA marketing spend - 2025-03,AP/Cash,,2025-03
1405,531,MIA,2025-03-18,1000,Cash - Operating,Asset,No,0.0,2319.26,MIA marketing spend - 2025-03,AP/Cash,,2025-03
1406,531,MIA,2025-03-18,2000,Accounts Payable,Liability,No,0.0,579.82,MIA marketing spend - 2025-03,AP/Cash,,2025-03
1407,532,MIA,2025-03-03,6050,Professional Insurance,Opex,No,1450.0,0.0,MIA malpractice insurance amortization - 2025-03,Prepaid Amort,,2025-03
1408,532,MIA,2025-03-03,1200,Prepaid Expenses,Asset,No,0.0,1450.0,MIA malpractice insurance amortization - 2025-03,Prepaid Amort,,2025-03
1409,533,MIA,2025-03-10,6060,Software & IT,Opex,No,2394.0,0.0,MIA software & IT subscriptions - 2025-03,Cash,,2025-03
1410,533,MIA,2025-03-10,1000,Cash - Operating,Asset,No,0.0,2394.0,MIA software & IT subscriptions - 2025-03,Cash,,2025-03
1411,534,MIA,2025-03-31,7000,Depreciation Expense,Opex,No,1100.0,0.0,MIA monthly depreciation - 2025-03,Adjusting Entry,,2025-03
1412,534,MIA,2025-03-31,1500,"Fixed Assets, Net",Asset,No,0.0,1100.0,MIA monthly depreciation - 2025-03,Adjusting Entry,,2025-03
1413,535,MIA,2025-03-05,2000,Accounts Payable,Liability,No,4152.62,0.0,MIA AP payment run (prior month invoices) - 2025-03,Cash,,2025-03
1414,535,MIA,2025-03-05,1000,Cash - Operating,Asset,No,0.0,4152.62,MIA AP payment run (prior month invoices) - 2025-03,Cash,,2025-03
1415,536,CHI,2025-03-12,1100,Accounts Receivable,Asset,No,63657.99,0.0,CHI legal fees billed - 2025-03,Billing,,2025-03
1416,536,CHI,2025-03-12,4010,Litigation Fees,Revenue,No,0.0,26736.36,CHI legal fees billed - 2025-03,Billing,,2025-03
1417,536,CHI,2025-03-12,4020,Corporate & Transactional Fees,Revenue,No,0.0,21007.14,CHI legal fees billed - 2025-03,Billing,,2025-03
1418,536,CHI,2025-03-12,4030,Family Law Fees,Revenue,No,0.0,15914.49,CHI legal fees billed - 2025-03,Billing,,2025-03
1419,537,CHI,2025-03-24,1000,Cash - Operating,Asset,No,61111.2,0.0,CHI client fee collections - 2025-03,Cash Receipt,,2025-03
1420,537,CHI,2025-03-24,1100,Accounts Receivable,Asset,No,0.0,61111.2,CHI client fee collections - 2025-03,Cash Receipt,,2025-03
1421,538,CHI,2025-03-17,5010,Court Filing Fees,COGS,No,3615.36,0.0,CHI direct case costs - 2025-03,AP/Cash,,2025-03
1422,538,CHI,2025-03-17,5020,Expert Witness Fees,COGS,No,2958.02,0.0,CHI direct case costs - 2025-03,AP/Cash,,2025-03
1423,538,CHI,2025-03-17,1000,Cash - Operating,Asset,No,0.0,4601.37,CHI direct case costs - 2025-03,AP/Cash,,2025-03
1424,538,CHI,2025-03-17,2000,Accounts Payable,Liability,No,0.0,1972.01,CHI direct case costs - 2025-03,AP/Cash,,2025-03
1425,539,CHI,2025-03-28,6010,Attorney & Staff Payroll,Opex,No,29690.56,0.0,CHI payroll run - 2025-03,Payroll,,2025-03
1426,539,CHI,2025-03-28,6020,Payroll Taxes & Benefits,Opex,No,4156.68,0.0,CHI payroll run - 2025-03,Payroll,,2025-03
1427,539,CHI,2025-03-28,1000,Cash - Operating,Asset,No,0.0,33812.47,CHI payroll run - 2025-03,Payroll,,2025-03
1428,539,CHI,2025-03-28,2100,Accrued Payroll,Liability,No,0.0,3384.72,CHI payroll run - 2025-03,Payroll,,2025-03
1429,539,CHI,2025-03-28,2100,Accrued Payroll,Liability,No,3349.95,0.0,CHI payroll run - 2025-03,Payroll,,2025-03
1430,540,CHI,2025-03-03,6030,Office Rent,Opex,No,4511.12,0.0,CHI office rent - 2025-03,Cash,,2025-03
1431,540,CHI,2025-03-03,1000,Cash - Operating,Asset,No,0.0,4511.12,CHI office rent - 2025-03,Cash,,2025-03
1432,541,CHI,2025-03-18,6040,Marketing & Business Development,Opex,No,1895.71,0.0,CHI marketing spend - 2025-03,AP/Cash,,2025-03
1433,541,CHI,2025-03-18,1000,Cash - Operating,Asset,No,0.0,1516.57,CHI marketing spend - 2025-03,AP/Cash,,2025-03
1434,541,CHI,2025-03-18,2000,Accounts Payable,Liability,No,0.0,379.14,CHI marketing spend - 2025-03,AP/Cash,,2025-03
1435,542,CHI,2025-03-03,6050,Professional Insurance,Opex,No,899.0,0.0,CHI malpractice insurance amortization - 2025-03,Prepaid Amort,,2025-03
1436,542,CHI,2025-03-03,1200,Prepaid Expenses,Asset,No,0.0,899.0,CHI malpractice insurance amortization - 2025-03,Prepaid Amort,,2025-03
1437,543,CHI,2025-03-10,6060,Software & IT,Opex,No,1484.28,0.0,CHI software & IT subscriptions - 2025-03,Cash,,2025-03
1438,543,CHI,2025-03-10,1000,Cash - Operating,Asset,No,0.0,1484.28,CHI software & IT subscriptions - 2025-03,Cash,,2025-03
1439,544,CHI,2025-03-31,7000,Depreciation Expense,Opex,No,682.0,0.0,CHI monthly depreciation - 2025-03,Adjusting Entry,,2025-03
1440,544,CHI,2025-03-31,1500,"Fixed Assets, Net",Asset,No,0.0,682.0,CHI monthly depreciation - 2025-03,Adjusting Entry,,2025-03
1441,545,CHI,2025-03-05,2000,Accounts Payable,Liability,No,2399.66,0.0,CHI AP payment run (prior month invoices) - 2025-03,Cash,,2025-03
1442,545,CHI,2025-03-05,1000,Cash - Operating,Asset,No,0.0,2399.66,CHI AP payment run (prior month invoices) - 2025-03,Cash,,2025-03
1443,546,DAL,2025-03-12,1100,Accounts Receivable,Asset,No,53455.7,0.0,DAL legal fees billed - 2025-03,Billing,,2025-03
1444,546,DAL,2025-03-12,4010,Litigation Fees,Revenue,No,0.0,22451.39,DAL legal fees billed - 2025-03,Billing,,2025-03
1445,546,DAL,2025-03-12,4020,Corporate & Transactional Fees,Revenue,No,0.0,17640.38,DAL legal fees billed - 2025-03,Billing,,2025-03
1446,546,DAL,2025-03-12,4030,Family Law Fees,Revenue,No,0.0,13363.93,DAL legal fees billed - 2025-03,Billing,,2025-03
1447,547,DAL,2025-03-24,1000,Cash - Operating,Asset,No,49452.81,0.0,DAL client fee collections - 2025-03,Cash Receipt,,2025-03
1448,547,DAL,2025-03-24,1100,Accounts Receivable,Asset,No,0.0,49452.81,DAL client fee collections - 2025-03,Cash Receipt,,2025-03
1449,548,DAL,2025-03-17,5010,Court Filing Fees,COGS,No,3035.93,0.0,DAL direct case costs - 2025-03,AP/Cash,,2025-03
1450,548,DAL,2025-03-17,5020,Expert Witness Fees,COGS,No,2483.95,0.0,DAL direct case costs - 2025-03,AP/Cash,,2025-03
1451,548,DAL,2025-03-17,1000,Cash - Operating,Asset,No,0.0,3863.92,DAL direct case costs - 2025-03,AP/Cash,,2025-03
1452,548,DAL,2025-03-17,2000,Accounts Payable,Liability,No,0.0,1655.96,DAL direct case costs - 2025-03,AP/Cash,,2025-03
1453,549,DAL,2025-03-28,6010,Attorney & Staff Payroll,Opex,No,26338.4,0.0,DAL payroll run - 2025-03,Payroll,,2025-03
1454,549,DAL,2025-03-28,6020,Payroll Taxes & Benefits,Opex,No,3687.38,0.0,DAL payroll run - 2025-03,Payroll,,2025-03
1455,549,DAL,2025-03-28,1000,Cash - Operating,Asset,No,0.0,29994.93,DAL payroll run - 2025-03,Payroll,,2025-03
1456,549,DAL,2025-03-28,2100,Accrued Payroll,Liability,No,0.0,3002.58,DAL payroll run - 2025-03,Payroll,,2025-03
1457,549,DAL,2025-03-28,2100,Accrued Payroll,Liability,No,2971.73,0.0,DAL payroll run - 2025-03,Payroll,,2025-03
1458,550,DAL,2025-03-03,6030,Office Rent,Opex,No,4001.8,0.0,DAL office rent - 2025-03,Cash,,2025-03
1459,550,DAL,2025-03-03,1000,Cash - Operating,Asset,No,0.0,4001.8,DAL office rent - 2025-03,Cash,,2025-03
1460,551,DAL,2025-03-18,6040,Marketing & Business Development,Opex,No,1591.89,0.0,DAL marketing spend - 2025-03,AP/Cash,,2025-03
1461,551,DAL,2025-03-18,1000,Cash - Operating,Asset,No,0.0,1273.51,DAL marketing spend - 2025-03,AP/Cash,,2025-03
1462,551,DAL,2025-03-18,2000,Accounts Payable,Liability,No,0.0,318.38,DAL marketing spend - 2025-03,AP/Cash,,2025-03
1463,552,DAL,2025-03-03,6050,Professional Insurance,Opex,No,797.5,0.0,DAL malpractice insurance amortization - 2025-03,Prepaid Amort,,2025-03
1464,552,DAL,2025-03-03,1200,Prepaid Expenses,Asset,No,0.0,797.5,DAL malpractice insurance amortization - 2025-03,Prepaid Amort,,2025-03
1465,553,DAL,2025-03-10,6060,Software & IT,Opex,No,1316.7,0.0,DAL software & IT subscriptions - 2025-03,Cash,,2025-03
1466,553,DAL,2025-03-10,1000,Cash - Operating,Asset,No,0.0,1316.7,DAL software & IT subscriptions - 2025-03,Cash,,2025-03
1467,554,DAL,2025-03-31,7000,Depreciation Expense,Opex,No,605.0,0.0,DAL monthly depreciation - 2025-03,Adjusting Entry,,2025-03
1468,554,DAL,2025-03-31,1500,"Fixed Assets, Net",Asset,No,0.0,605.0,DAL monthly depreciation - 2025-03,Adjusting Entry,,2025-03
1469,555,DAL,2025-03-05,2000,Accounts Payable,Liability,No,2155.12,0.0,DAL AP payment run (prior month invoices) - 2025-03,Cash,,2025-03
1470,555,DAL,2025-03-05,1000,Cash - Operating,Asset,No,0.0,2155.12,DAL AP payment run (prior month invoices) - 2025-03,Cash,,2025-03
1471,556,MIA,2025-03-20,1300,Intercompany Receivable,Asset,Yes,3675.36,0.0,Shared services billed to branch 2 - 2025-03,Intercompany,CHI,2025-03
1472,556,MIA,2025-03-20,4090,Intercompany Shared Services Revenue,Revenue,Yes,0.0,3675.36,Shared services billed to branch 2 - 2025-03,Intercompany,CHI,2025-03
1473,557,CHI,2025-03-20,6070,Shared Services Allocation (Intercompany),Opex,Yes,3675.36,0.0,Shared services allocation from HQ - 2025-03,Intercompany,MIA,2025-03
1474,557,CHI,2025-03-20,2200,Intercompany Payable,Liability,Yes,0.0,3675.36,Shared services allocation from HQ - 2025-03,Intercompany,MIA,2025-03
1475,558,CHI,2025-03-25,2200,Intercompany Payable,Liability,Yes,3643.12,0.0,Intercompany settlement paid to HQ - 2025-03,Intercompany Cash,MIA,2025-03
1476,558,CHI,2025-03-25,1000,Cash - Operating,Asset,No,0.0,3643.12,Intercompany settlement paid to HQ - 2025-03,Intercompany Cash,MIA,2025-03
1477,559,MIA,2025-03-25,1000,Cash - Operating,Asset,No,3643.12,0.0,Intercompany settlement received from branch 2 - 2025-03,Intercompany Cash,CHI,2025-03
1478,559,MIA,2025-03-25,1300,Intercompany Receivable,Asset,Yes,0.0,3643.12,Intercompany settlement received from branch 2 - 2025-03,Intercompany Cash,CHI,2025-03
1479,560,MIA,2025-03-20,1300,Intercompany Receivable,Asset,Yes,3260.4,0.0,Shared services billed to branch 3 - 2025-03,Intercompany,DAL,2025-03
1480,560,MIA,2025-03-20,4090,Intercompany Shared Services Revenue,Revenue,Yes,0.0,3260.4,Shared services billed to branch 3 - 2025-03,Intercompany,DAL,2025-03
1481,561,DAL,2025-03-20,6070,Shared Services Allocation (Intercompany),Opex,Yes,3260.4,0.0,Shared services allocation from HQ - 2025-03,Intercompany,MIA,2025-03
1482,561,DAL,2025-03-20,2200,Intercompany Payable,Liability,Yes,0.0,3260.4,Shared services allocation from HQ - 2025-03,Intercompany,MIA,2025-03
1483,562,DAL,2025-03-25,2200,Intercompany Payable,Liability,Yes,3231.8,0.0,Intercompany settlement paid to HQ - 2025-03,Intercompany Cash,MIA,2025-03
1484,562,DAL,2025-03-25,1000,Cash - Operating,Asset,No,0.0,3231.8,Intercompany settlement paid to HQ - 2025-03,Intercompany Cash,MIA,2025-03
1485,563,MIA,2025-03-25,1000,Cash - Operating,Asset,No,3231.8,0.0,Intercompany settlement received from branch 3 - 2025-03,Intercompany Cash,DAL,2025-03
1486,563,MIA,2025-03-25,1300,Intercompany Receivable,Asset,Yes,0.0,3231.8,Intercompany settlement received from branch 3 - 2025-03,Intercompany Cash,DAL,2025-03
1487,564,MIA,2025-04-14,1100,Accounts Receivable,Asset,No,117271.53,0.0,MIA legal fees billed - 2025-04,Billing,,2025-04
1488,564,MIA,2025-04-14,4010,Litigation Fees,Revenue,No,0.0,49254.04,MIA legal fees billed - 2025-04,Billing,,2025-04
1489,564,MIA,2025-04-14,4020,Corporate & Transactional Fees,Revenue,No,0.0,38699.6,MIA legal fees billed - 2025-04,Billing,,2025-04
1490,564,MIA,2025-04-14,4030,Family Law Fees,Revenue,No,0.0,29317.89,MIA legal fees billed - 2025-04,Billing,,2025-04
1491,565,MIA,2025-04-24,1000,Cash - Operating,Asset,No,106125.64,0.0,MIA client fee collections - 2025-04,Cash Receipt,,2025-04
1492,565,MIA,2025-04-24,1100,Accounts Receivable,Asset,No,0.0,106125.64,MIA client fee collections - 2025-04,Cash Receipt,,2025-04
1493,566,MIA,2025-04-15,5010,Court Filing Fees,COGS,No,6660.26,0.0,MIA direct case costs - 2025-04,AP/Cash,,2025-04
1494,566,MIA,2025-04-15,5020,Expert Witness Fees,COGS,No,5449.3,0.0,MIA direct case costs - 2025-04,AP/Cash,,2025-04
1495,566,MIA,2025-04-15,1000,Cash - Operating,Asset,No,0.0,8476.69,MIA direct case costs - 2025-04,AP/Cash,,2025-04
1496,566,MIA,2025-04-15,2000,Accounts Payable,Liability,No,0.0,3632.87,MIA direct case costs - 2025-04,AP/Cash,,2025-04
1497,567,MIA,2025-04-28,6010,Attorney & Staff Payroll,Opex,No,48380.0,0.0,MIA payroll run - 2025-04,Payroll,,2025-04
1498,567,MIA,2025-04-28,6020,Payroll Taxes & Benefits,Opex,No,6773.2,0.0,MIA payroll run - 2025-04,Payroll,,2025-04
1499,567,MIA,2025-04-28,1000,Cash - Operating,Asset,No,0.0,55097.11,MIA payroll run - 2025-04,Payroll,,2025-04
1500,567,MIA,2025-04-28,2100,Accrued Payroll,Liability,No,0.0,5515.32,MIA payroll run - 2025-04,Payroll,,2025-04
1501,567,MIA,2025-04-28,2100,Accrued Payroll,Liability,No,5459.23,0.0,MIA payroll run - 2025-04,Payroll,,2025-04
1502,568,MIA,2025-04-01,6030,Office Rent,Opex,No,7310.0,0.0,MIA office rent - 2025-04,Cash,,2025-04
1503,568,MIA,2025-04-01,1000,Cash - Operating,Asset,No,0.0,7310.0,MIA office rent - 2025-04,Cash,,2025-04
1504,569,MIA,2025-04-18,6040,Marketing & Business Development,Opex,No,3456.79,0.0,MIA marketing spend - 2025-04,AP/Cash,,2025-04
1505,569,MIA,2025-04-18,1000,Cash - Operating,Asset,No,0.0,2765.43,MIA marketing spend - 2025-04,AP/Cash,,2025-04
1506,569,MIA,2025-04-18,2000,Accounts Payable,Liability,No,0.0,691.36,MIA marketing spend - 2025-04,AP/Cash,,2025-04
1507,570,MIA,2025-04-01,6050,Professional Insurance,Opex,No,1450.0,0.0,MIA malpractice insurance amortization - 2025-04,Prepaid Amort,,2025-04
1508,570,MIA,2025-04-01,1200,Prepaid Expenses,Asset,No,0.0,1450.0,MIA malpractice insurance amortization - 2025-04,Prepaid Amort,,2025-04
1509,571,MIA,2025-04-09,6060,Software & IT,Opex,No,2415.0,0.0,MIA software & IT subscriptions - 2025-04,Cash,,2025-04
1510,571,MIA,2025-04-09,1000,Cash - Operating,Asset,No,0.0,2415.0,MIA software & IT subscriptions - 2025-04,Cash,,2025-04
1511,572,MIA,2025-04-30,7000,Depreciation Expense,Opex,No,1100.0,0.0,MIA monthly depreciation - 2025-04,Adjusting Entry,,2025-04
1512,572,MIA,2025-04-30,1500,"Fixed Assets, Net",Asset,No,0.0,1100.0,MIA monthly depreciation - 2025-04,Adjusting Entry,,2025-04
1513,573,MIA,2025-04-07,2000,Accounts Payable,Liability,No,3595.59,0.0,MIA AP payment run (prior month invoices) - 2025-04,Cash,,2025-04
1514,573,MIA,2025-04-07,1000,Cash - Operating,Asset,No,0.0,3595.59,MIA AP payment run (prior month invoices) - 2025-04,Cash,,2025-04
1515,574,CHI,2025-04-14,1100,Accounts Receivable,Asset,No,62085.39,0.0,CHI legal fees billed - 2025-04,Billing,,2025-04
1516,574,CHI,2025-04-14,4010,Litigation Fees,Revenue,No,0.0,26075.86,CHI legal fees billed - 2025-04,Billing,,2025-04
1517,574,CHI,2025-04-14,4020,Corporate & Transactional Fees,Revenue,No,0.0,20488.18,CHI legal fees billed - 2025-04,Billing,,2025-04
1518,574,CHI,2025-04-14,4030,Family Law Fees,Revenue,No,0.0,15521.35,CHI legal fees billed - 2025-04,Billing,,2025-04
1519,575,CHI,2025-04-24,1000,Cash - Operating,Asset,No,55236.4,0.0,CHI client fee collections - 2025-04,Cash Receipt,,2025-04
1520,575,CHI,2025-04-24,1100,Accounts Receivable,Asset,No,0.0,55236.4,CHI client fee collections - 2025-04,Cash Receipt,,2025-04
1521,576,CHI,2025-04-15,5010,Court Filing Fees,COGS,No,3526.04,0.0,CHI direct case costs - 2025-04,AP/Cash,,2025-04
1522,576,CHI,2025-04-15,5020,Expert Witness Fees,COGS,No,2884.95,0.0,CHI direct case costs - 2025-04,AP/Cash,,2025-04
1523,576,CHI,2025-04-15,1000,Cash - Operating,Asset,No,0.0,4487.69,CHI direct case costs - 2025-04,AP/Cash,,2025-04
1524,576,CHI,2025-04-15,2000,Accounts Payable,Liability,No,0.0,1923.3,CHI direct case costs - 2025-04,AP/Cash,,2025-04
1525,577,CHI,2025-04-28,6010,Attorney & Staff Payroll,Opex,No,29995.6,0.0,CHI payroll run - 2025-04,Payroll,,2025-04
1526,577,CHI,2025-04-28,6020,Payroll Taxes & Benefits,Opex,No,4199.38,0.0,CHI payroll run - 2025-04,Payroll,,2025-04
1527,577,CHI,2025-04-28,1000,Cash - Operating,Asset,No,0.0,34160.2,CHI payroll run - 2025-04,Payroll,,2025-04
1528,577,CHI,2025-04-28,2100,Accrued Payroll,Liability,No,0.0,3419.5,CHI payroll run - 2025-04,Payroll,,2025-04
1529,577,CHI,2025-04-28,2100,Accrued Payroll,Liability,No,3384.72,0.0,CHI payroll run - 2025-04,Payroll,,2025-04
1530,578,CHI,2025-04-01,6030,Office Rent,Opex,No,4532.2,0.0,CHI office rent - 2025-04,Cash,,2025-04
1531,578,CHI,2025-04-01,1000,Cash - Operating,Asset,No,0.0,4532.2,CHI office rent - 2025-04,Cash,,2025-04
1532,579,CHI,2025-04-18,6040,Marketing & Business Development,Opex,No,1830.08,0.0,CHI marketing spend - 2025-04,AP/Cash,,2025-04
1533,579,CHI,2025-04-18,1000,Cash - Operating,Asset,No,0.0,1464.06,CHI marketing spend - 2025-04,AP/Cash,,2025-04
1534,579,CHI,2025-04-18,2000,Accounts Payable,Liability,No,0.0,366.02,CHI marketing spend - 2025-04,AP/Cash,,2025-04
1535,580,CHI,2025-04-01,6050,Professional Insurance,Opex,No,899.0,0.0,CHI malpractice insurance amortization - 2025-04,Prepaid Amort,,2025-04
1536,580,CHI,2025-04-01,1200,Prepaid Expenses,Asset,No,0.0,899.0,CHI malpractice insurance amortization - 2025-04,Prepaid Amort,,2025-04
1537,581,CHI,2025-04-09,6060,Software & IT,Opex,No,1497.3,0.0,CHI software & IT subscriptions - 2025-04,Cash,,2025-04
1538,581,CHI,2025-04-09,1000,Cash - Operating,Asset,No,0.0,1497.3,CHI software & IT subscriptions - 2025-04,Cash,,2025-04
1539,582,CHI,2025-04-30,7000,Depreciation Expense,Opex,No,682.0,0.0,CHI monthly depreciation - 2025-04,Adjusting Entry,,2025-04
1540,582,CHI,2025-04-30,1500,"Fixed Assets, Net",Asset,No,0.0,682.0,CHI monthly depreciation - 2025-04,Adjusting Entry,,2025-04
1541,583,CHI,2025-04-07,2000,Accounts Payable,Liability,No,2351.15,0.0,CHI AP payment run (prior month invoices) - 2025-04,Cash,,2025-04
1542,583,CHI,2025-04-07,1000,Cash - Operating,Asset,No,0.0,2351.15,CHI AP payment run (prior month invoices) - 2025-04,Cash,,2025-04
1543,584,DAL,2025-04-14,1100,Accounts Receivable,Asset,No,64897.02,0.0,DAL legal fees billed - 2025-04,Billing,,2025-04
1544,584,DAL,2025-04-14,4010,Litigation Fees,Revenue,No,0.0,27256.75,DAL legal fees billed - 2025-04,Billing,,2025-04
1545,584,DAL,2025-04-14,4020,Corporate & Transactional Fees,Revenue,No,0.0,21416.02,DAL legal fees billed - 2025-04,Billing,,2025-04
1546,584,DAL,2025-04-14,4030,Family Law Fees,Revenue,No,0.0,16224.25,DAL legal fees billed - 2025-04,Billing,,2025-04
1547,585,DAL,2025-04-24,1000,Cash - Operating,Asset,No,60409.18,0.0,DAL client fee collections - 2025-04,Cash Receipt,,2025-04
1548,585,DAL,2025-04-24,1100,Accounts Receivable,Asset,No,0.0,60409.18,DAL client fee collections - 2025-04,Cash Receipt,,2025-04
1549,586,DAL,2025-04-15,5010,Court Filing Fees,COGS,No,3685.73,0.0,DAL direct case costs - 2025-04,AP/Cash,,2025-04
1550,586,DAL,2025-04-15,5020,Expert Witness Fees,COGS,No,3015.59,0.0,DAL direct case costs - 2025-04,AP/Cash,,2025-04
1551,586,DAL,2025-04-15,1000,Cash - Operating,Asset,No,0.0,4690.92,DAL direct case costs - 2025-04,AP/Cash,,2025-04
1552,586,DAL,2025-04-15,2000,Accounts Payable,Liability,No,0.0,2010.4,DAL direct case costs - 2025-04,AP/Cash,,2025-04
1553,587,DAL,2025-04-28,6010,Attorney & Staff Payroll,Opex,No,26609.0,0.0,DAL payroll run - 2025-04,Payroll,,2025-04
1554,587,DAL,2025-04-28,6020,Payroll Taxes & Benefits,Opex,No,3725.26,0.0,DAL payroll run - 2025-04,Payroll,,2025-04
1555,587,DAL,2025-04-28,1000,Cash - Operating,Asset,No,0.0,30303.41,DAL payroll run - 2025-04,Payroll,,2025-04
1556,587,DAL,2025-04-28,2100,Accrued Payroll,Liability,No,0.0,3033.43,DAL payroll run - 2025-04,Payroll,,2025-04
1557,587,DAL,2025-04-28,2100,Accrued Payroll,Liability,No,3002.58,0.0,DAL payroll run - 2025-04,Payroll,,2025-04
1558,588,DAL,2025-04-01,6030,Office Rent,Opex,No,4020.5,0.0,DAL office rent - 2025-04,Cash,,2025-04
1559,588,DAL,2025-04-01,1000,Cash - Operating,Asset,No,0.0,4020.5,DAL office rent - 2025-04,Cash,,2025-04
1560,589,DAL,2025-04-18,6040,Marketing & Business Development,Opex,No,1912.96,0.0,DAL marketing spend - 2025-04,AP/Cash,,2025-04
1561,589,DAL,2025-04-18,1000,Cash - Operating,Asset,No,0.0,1530.37,DAL marketing spend - 2025-04,AP/Cash,,2025-04
1562,589,DAL,2025-04-18,2000,Accounts Payable,Liability,No,0.0,382.59,DAL marketing spend - 2025-04,AP/Cash,,2025-04
1563,590,DAL,2025-04-01,6050,Professional Insurance,Opex,No,797.5,0.0,DAL malpractice insurance amortization - 2025-04,Prepaid Amort,,2025-04
1564,590,DAL,2025-04-01,1200,Prepaid Expenses,Asset,No,0.0,797.5,DAL malpractice insurance amortization - 2025-04,Prepaid Amort,,2025-04
1565,591,DAL,2025-04-09,6060,Software & IT,Opex,No,1328.25,0.0,DAL software & IT subscriptions - 2025-04,Cash,,2025-04
1566,591,DAL,2025-04-09,1000,Cash - Operating,Asset,No,0.0,1328.25,DAL software & IT subscriptions - 2025-04,Cash,,2025-04
1567,592,DAL,2025-04-30,7000,Depreciation Expense,Opex,No,605.0,0.0,DAL monthly depreciation - 2025-04,Adjusting Entry,,2025-04
1568,592,DAL,2025-04-30,1500,"Fixed Assets, Net",Asset,No,0.0,605.0,DAL monthly depreciation - 2025-04,Adjusting Entry,,2025-04
1569,593,DAL,2025-04-07,2000,Accounts Payable,Liability,No,1974.34,0.0,DAL AP payment run (prior month invoices) - 2025-04,Cash,,2025-04
1570,593,DAL,2025-04-07,1000,Cash - Operating,Asset,No,0.0,1974.34,DAL AP payment run (prior month invoices) - 2025-04,Cash,,2025-04
1571,594,MIA,2025-04-21,1300,Intercompany Receivable,Asset,Yes,3707.6,0.0,Shared services billed to branch 2 - 2025-04,Intercompany,CHI,2025-04
1572,594,MIA,2025-04-21,4090,Intercompany Shared Services Revenue,Revenue,Yes,0.0,3707.6,Shared services billed to branch 2 - 2025-04,Intercompany,CHI,2025-04
1573,595,CHI,2025-04-21,6070,Shared Services Allocation (Intercompany),Opex,Yes,3707.6,0.0,Shared services allocation from HQ - 2025-04,Intercompany,MIA,2025-04
1574,595,CHI,2025-04-21,2200,Intercompany Payable,Liability,Yes,0.0,3707.6,Shared services allocation from HQ - 2025-04,Intercompany,MIA,2025-04
1575,596,CHI,2025-04-25,2200,Intercompany Payable,Liability,Yes,3675.36,0.0,Intercompany settlement paid to HQ - 2025-04,Intercompany Cash,MIA,2025-04
1576,596,CHI,2025-04-25,1000,Cash - Operating,Asset,No,0.0,3675.36,Intercompany settlement paid to HQ - 2025-04,Intercompany Cash,MIA,2025-04
1577,597,MIA,2025-04-25,1000,Cash - Operating,Asset,No,3675.36,0.0,Intercompany settlement received from branch 2 - 2025-04,Intercompany Cash,CHI,2025-04
1578,597,MIA,2025-04-25,1300,Intercompany Receivable,Asset,Yes,0.0,3675.36,Intercompany settlement received from branch 2 - 2025-04,Intercompany Cash,CHI,2025-04
1579,598,MIA,2025-04-21,1300,Intercompany Receivable,Asset,Yes,3289.0,0.0,Shared services billed to branch 3 - 2025-04,Intercompany,DAL,2025-04
1580,598,MIA,2025-04-21,4090,Intercompany Shared Services Revenue,Revenue,Yes,0.0,3289.0,Shared services billed to branch 3 - 2025-04,Intercompany,DAL,2025-04
1581,599,DAL,2025-04-21,6070,Shared Services Allocation (Intercompany),Opex,Yes,3289.0,0.0,Shared services allocation from HQ - 2025-04,Intercompany,MIA,2025-04
1582,599,DAL,2025-04-21,2200,Intercompany Payable,Liability,Yes,0.0,3289.0,Shared services allocation from HQ - 2025-04,Intercompany,MIA,2025-04
1583,600,DAL,2025-04-25,2200,Intercompany Payable,Liability,Yes,3260.4,0.0,Intercompany settlement paid to HQ - 2025-04,Intercompany Cash,MIA,2025-04
1584,600,DAL,2025-04-25,1000,Cash - Operating,Asset,No,0.0,3260.4,Intercompany settlement paid to HQ - 2025-04,Intercompany Cash,MIA,2025-04
1585,601,MIA,2025-04-25,1000,Cash - Operating,Asset,No,3260.4,0.0,Intercompany settlement received from branch 3 - 2025-04,Intercompany Cash,DAL,2025-04
1586,601,MIA,2025-04-25,1300,Intercompany Receivable,Asset,Yes,0.0,3260.4,Intercompany settlement received from branch 3 - 2025-04,Intercompany Cash,DAL,2025-04
1587,602,MIA,2025-05-12,1100,Accounts Receivable,Asset,No,111681.6,0.0,MIA legal fees billed - 2025-05,Billing,,2025-05
1588,602,MIA,2025-05-12,4010,Litigation Fees,Revenue,No,0.0,46906.27,MIA legal fees billed - 2025-05,Billing,,2025-05
1589,602,MIA,2025-05-12,4020,Corporate & Transactional Fees,Revenue,No,0.0,36854.93,MIA legal fees billed - 2025-05,Billing,,2025-05
1590,602,MIA,2025-05-12,4030,Family Law Fees,Revenue,No,0.0,27920.4,MIA legal fees billed - 2025-05,Billing,,2025-05
1591,603,MIA,2025-05-26,1000,Cash - Operating,Asset,No,100677.8,0.0,MIA client fee collections - 2025-05,Cash Receipt,,2025-05
1592,603,MIA,2025-05-26,1100,Accounts Receivable,Asset,No,0.0,100677.8,MIA client fee collections - 2025-05,Cash Receipt,,2025-05
1593,604,MIA,2025-05-15,5010,Court Filing Fees,COGS,No,6342.79,0.0,MIA direct case costs - 2025-05,AP/Cash,,2025-05
1594,604,MIA,2025-05-15,5020,Expert Witness Fees,COGS,No,5189.55,0.0,MIA direct case costs - 2025-05,AP/Cash,,2025-05
1595,604,MIA,2025-05-15,1000,Cash - Operating,Asset,No,0.0,8072.64,MIA direct case costs - 2025-05,AP/Cash,,2025-05
1596,604,MIA,2025-05-15,2000,Accounts Payable,Liability,No,0.0,3459.7,MIA direct case costs - 2025-05,AP/Cash,,2025-05
1597,605,MIA,2025-05-28,6010,Attorney & Staff Payroll,Opex,No,48872.0,0.0,MIA payroll run - 2025-05,Payroll,,2025-05
1598,605,MIA,2025-05-28,6020,Payroll Taxes & Benefits,Opex,No,6842.08,0.0,MIA payroll run - 2025-05,Payroll,,2025-05
1599,605,MIA,2025-05-28,1000,Cash - Operating,Asset,No,0.0,55657.99,MIA payroll run - 2025-05,Payroll,,2025-05
1600,605,MIA,2025-05-28,2100,Accrued Payroll,Liability,No,0.0,5571.41,MIA payroll run - 2025-05,Payroll,,2025-05
1601,605,MIA,2025-05-28,2100,Accrued Payroll,Liability,No,5515.32,0.0,MIA payroll run - 2025-05,Payroll,,2025-05
1602,606,MIA,2025-05-01,6030,Office Rent,Opex,No,7344.0,0.0,MIA office rent - 2025-05,Cash,,2025-05
1603,606,MIA,2025-05-01,1000,Cash - Operating,Asset,No,0.0,7344.0,MIA office rent - 2025-05,Cash,,2025-05
1604,607,MIA,2025-05-19,6040,Marketing & Business Development,Opex,No,3258.87,0.0,MIA marketing spend - 2025-05,AP/Cash,,2025-05
1605,607,MIA,2025-05-19,1000,Cash - Operating,Asset,No,0.0,2607.1,MIA marketing spend - 2025-05,AP/Cash,,2025-05
1606,607,MIA,2025-05-19,2000,Accounts Payable,Liability,No,0.0,651.77,MIA marketing spend - 2025-05,AP/Cash,,2025-05
1607,608,MIA,2025-05-01,6050,Professional Insurance,Opex,No,1450.0,0.0,MIA malpractice insurance amortization - 2025-05,Prepaid Amort,,2025-05
1608,608,MIA,2025-05-01,1200,Prepaid Expenses,Asset,No,0.0,1450.0,MIA malpractice insurance amortization - 2025-05,Prepaid Amort,,2025-05
1609,609,MIA,2025-05-09,6060,Software & IT,Opex,No,2436.0,0.0,MIA software & IT subscriptions - 2025-05,Cash,,2025-05
1610,609,MIA,2025-05-09,1000,Cash - Operating,Asset,No,0.0,2436.0,MIA software & IT subscriptions - 2025-05,Cash,,2025-05
1611,610,MIA,2025-05-31,7000,Depreciation Expense,Opex,No,1100.0,0.0,MIA monthly depreciation - 2025-05,Adjusting Entry,,2025-05
1612,610,MIA,2025-05-31,1500,"Fixed Assets, Net",Asset,No,0.0,1100.0,MIA monthly depreciation - 2025-05,Adjusting Entry,,2025-05
1613,611,MIA,2025-05-05,2000,Accounts Payable,Liability,No,4324.23,0.0,MIA AP payment run (prior month invoices) - 2025-05,Cash,,2025-05
1614,611,MIA,2025-05-05,1000,Cash - Operating,Asset,No,0.0,4324.23,MIA AP payment run (prior month invoices) - 2025-05,Cash,,2025-05
1615,612,CHI,2025-05-12,1100,Accounts Receivable,Asset,No,66861.5,0.0,CHI legal fees billed - 2025-05,Billing,,2025-05
1616,612,CHI,2025-05-12,4010,Litigation Fees,Revenue,No,0.0,28081.83,CHI legal fees billed - 2025-05,Billing,,2025-05
1617,612,CHI,2025-05-12,4020,Corporate & Transactional Fees,Revenue,No,0.0,22064.3,CHI legal fees billed - 2025-05,Billing,,2025-05
1618,612,CHI,2025-05-12,4030,Family Law Fees,Revenue,No,0.0,16715.37,CHI legal fees billed - 2025-05,Billing,,2025-05
1619,613,CHI,2025-05-26,1000,Cash - Operating,Asset,No,59972.73,0.0,CHI client fee collections - 2025-05,Cash Receipt,,2025-05
1620,613,CHI,2025-05-26,1100,Accounts Receivable,Asset,No,0.0,59972.73,CHI client fee collections - 2025-05,Cash Receipt,,2025-05
1621,614,CHI,2025-05-15,5010,Court Filing Fees,COGS,No,3797.3,0.0,CHI direct case costs - 2025-05,AP/Cash,,2025-05
1622,614,CHI,2025-05-15,5020,Expert Witness Fees,COGS,No,3106.88,0.0,CHI direct case costs - 2025-05,AP/Cash,,2025-05
1623,614,CHI,2025-05-15,1000,Cash - Operating,Asset,No,0.0,4832.93,CHI direct case costs - 2025-05,AP/Cash,,2025-05
1624,614,CHI,2025-05-15,2000,Accounts Payable,Liability,No,0.0,2071.25,CHI direct case costs - 2025-05,AP/Cash,,2025-05
1625,615,CHI,2025-05-28,6010,Attorney & Staff Payroll,Opex,No,30300.64,0.0,CHI payroll run - 2025-05,Payroll,,2025-05
1626,615,CHI,2025-05-28,6020,Payroll Taxes & Benefits,Opex,No,4242.09,0.0,CHI payroll run - 2025-05,Payroll,,2025-05
1627,615,CHI,2025-05-28,1000,Cash - Operating,Asset,No,0.0,34507.96,CHI payroll run - 2025-05,Payroll,,2025-05
1628,615,CHI,2025-05-28,2100,Accrued Payroll,Liability,No,0.0,3454.27,CHI payroll run - 2025-05,Payroll,,2025-05
1629,615,CHI,2025-05-28,2100,Accrued Payroll,Liability,No,3419.5,0.0,CHI payroll run - 2025-05,Payroll,,2025-05
1630,616,CHI,2025-05-01,6030,Office Rent,Opex,No,4553.28,0.0,CHI office rent - 2025-05,Cash,,2025-05
1631,616,CHI,2025-05-01,1000,Cash - Operating,Asset,No,0.0,4553.28,CHI office rent - 2025-05,Cash,,2025-05
1632,617,CHI,2025-05-19,6040,Marketing & Business Development,Opex,No,1951.02,0.0,CHI marketing spend - 2025-05,AP/Cash,,2025-05
1633,617,CHI,2025-05-19,1000,Cash - Operating,Asset,No,0.0,1560.82,CHI marketing spend - 2025-05,AP/Cash,,2025-05
1634,617,CHI,2025-05-19,2000,Accounts Payable,Liability,No,0.0,390.2,CHI marketing spend - 2025-05,AP/Cash,,2025-05
1635,618,CHI,2025-05-01,6050,Professional Insurance,Opex,No,899.0,0.0,CHI malpractice insurance amortization - 2025-05,Prepaid Amort,,2025-05
1636,618,CHI,2025-05-01,1200,Prepaid Expenses,Asset,No,0.0,899.0,CHI malpractice insurance amortization - 2025-05,Prepaid Amort,,2025-05
1637,619,CHI,2025-05-09,6060,Software & IT,Opex,No,1510.32,0.0,CHI software & IT subscriptions - 2025-05,Cash,,2025-05
1638,619,CHI,2025-05-09,1000,Cash - Operating,Asset,No,0.0,1510.32,CHI software & IT subscriptions - 2025-05,Cash,,2025-05
1639,620,CHI,2025-05-31,7000,Depreciation Expense,Opex,No,682.0,0.0,CHI monthly depreciation - 2025-05,Adjusting Entry,,2025-05
1640,620,CHI,2025-05-31,1500,"Fixed Assets, Net",Asset,No,0.0,682.0,CHI monthly depreciation - 2025-05,Adjusting Entry,,2025-05
1641,621,CHI,2025-05-05,2000,Accounts Payable,Liability,No,2289.32,0.0,CHI AP payment run (prior month invoices) - 2025-05,Cash,,2025-05
1642,621,CHI,2025-05-05,1000,Cash - Operating,Asset,No,0.0,2289.32,CHI AP payment run (prior month invoices) - 2025-05,Cash,,2025-05
1643,622,DAL,2025-05-12,1100,Accounts Receivable,Asset,No,55419.71,0.0,DAL legal fees billed - 2025-05,Billing,,2025-05
1644,622,DAL,2025-05-12,4010,Litigation Fees,Revenue,No,0.0,23276.28,DAL legal fees billed - 2025-05,Billing,,2025-05
1645,622,DAL,2025-05-12,4020,Corporate & Transactional Fees,Revenue,No,0.0,18288.5,DAL legal fees billed - 2025-05,Billing,,2025-05
1646,622,DAL,2025-05-12,4030,Family Law Fees,Revenue,No,0.0,13854.93,DAL legal fees billed - 2025-05,Billing,,2025-05
1647,623,DAL,2025-05-26,1000,Cash - Operating,Asset,No,51831.21,0.0,DAL client fee collections - 2025-05,Cash Receipt,,2025-05
1648,623,DAL,2025-05-26,1100,Accounts Receivable,Asset,No,0.0,51831.21,DAL client fee collections - 2025-05,Cash Receipt,,2025-05
1649,624,DAL,2025-05-15,5010,Court Filing Fees,COGS,No,3147.48,0.0,DAL direct case costs - 2025-05,AP/Cash,,2025-05
1650,624,DAL,2025-05-15,5020,Expert Witness Fees,COGS,No,2575.21,0.0,DAL direct case costs - 2025-05,AP/Cash,,2025-05
1651,624,DAL,2025-05-15,1000,Cash - Operating,Asset,No,0.0,4005.88,DAL direct case costs - 2025-05,AP/Cash,,2025-05
1652,624,DAL,2025-05-15,2000,Accounts Payable,Liability,No,0.0,1716.81,DAL direct case costs - 2025-05,AP/Cash,,2025-05
1653,625,DAL,2025-05-28,6010,Attorney & Staff Payroll,Opex,No,26879.6,0.0,DAL payroll run - 2025-05,Payroll,,2025-05
1654,625,DAL,2025-05-28,6020,Payroll Taxes & Benefits,Opex,No,3763.14,0.0,DAL payroll run - 2025-05,Payroll,,2025-05
1655,625,DAL,2025-05-28,1000,Cash - Operating,Asset,No,0.0,30611.9,DAL payroll run - 2025-05,Payroll,,2025-05
1656,625,DAL,2025-05-28,2100,Accrued Payroll,Liability,No,0.0,3064.27,DAL payroll run - 2025-05,Payroll,,2025-05
1657,625,DAL,2025-05-28,2100,Accrued Payroll,Liability,No,3033.43,0.0,DAL payroll run - 2025-05,Payroll,,2025-05
1658,626,DAL,2025-05-01,6030,Office Rent,Opex,No,4039.2,0.0,DAL office rent - 2025-05,Cash,,2025-05
1659,626,DAL,2025-05-01,1000,Cash - Operating,Asset,No,0.0,4039.2,DAL office rent - 2025-05,Cash,,2025-05
1660,627,DAL,2025-05-19,6040,Marketing & Business Development,Opex,No,1617.15,0.0,DAL marketing spend - 2025-05,AP/Cash,,2025-05
1661,627,DAL,2025-05-19,1000,Cash - Operating,Asset,No,0.0,1293.72,DAL marketing spend - 2025-05,AP/Cash,,2025-05
1662,627,DAL,2025-05-19,2000,Accounts Payable,Liability,No,0.0,323.43,DAL marketing spend - 2025-05,AP/Cash,,2025-05
1663,628,DAL,2025-05-01,6050,Professional Insurance,Opex,No,797.5,0.0,DAL malpractice insurance amortization - 2025-05,Prepaid Amort,,2025-05
1664,628,DAL,2025-05-01,1200,Prepaid Expenses,Asset,No,0.0,797.5,DAL malpractice insurance amortization - 2025-05,Prepaid Amort,,2025-05
1665,629,DAL,2025-05-09,6060,Software & IT,Opex,No,1339.8,0.0,DAL software & IT subscriptions - 2025-05,Cash,,2025-05
1666,629,DAL,2025-05-09,1000,Cash - Operating,Asset,No,0.0,1339.8,DAL software & IT subscriptions - 2025-05,Cash,,2025-05
1667,630,DAL,2025-05-31,7000,Depreciation Expense,Opex,No,605.0,0.0,DAL monthly depreciation - 2025-05,Adjusting Entry,,2025-05
1668,630,DAL,2025-05-31,1500,"Fixed Assets, Net",Asset,No,0.0,605.0,DAL monthly depreciation - 2025-05,Adjusting Entry,,2025-05
1669,631,DAL,2025-05-05,2000,Accounts Payable,Liability,No,2392.99,0.0,DAL AP payment run (prior month invoices) - 2025-05,Cash,,2025-05
1670,631,DAL,2025-05-05,1000,Cash - Operating,Asset,No,0.0,2392.99,DAL AP payment run (prior month invoices) - 2025-05,Cash,,2025-05
1671,632,MIA,2025-05-20,1300,Intercompany Receivable,Asset,Yes,3739.84,0.0,Shared services billed to branch 2 - 2025-05,Intercompany,CHI,2025-05
1672,632,MIA,2025-05-20,4090,Intercompany Shared Services Revenue,Revenue,Yes,0.0,3739.84,Shared services billed to branch 2 - 2025-05,Intercompany,CHI,2025-05
1673,633,CHI,2025-05-20,6070,Shared Services Allocation (Intercompany),Opex,Yes,3739.84,0.0,Shared services allocation from HQ - 2025-05,Intercompany,MIA,2025-05
1674,633,CHI,2025-05-20,2200,Intercompany Payable,Liability,Yes,0.0,3739.84,Shared services allocation from HQ - 2025-05,Intercompany,MIA,2025-05
1675,634,CHI,2025-05-26,2200,Intercompany Payable,Liability,Yes,3707.6,0.0,Intercompany settlement paid to HQ - 2025-05,Intercompany Cash,MIA,2025-05
1676,634,CHI,2025-05-26,1000,Cash - Operating,Asset,No,0.0,3707.6,Intercompany settlement paid to HQ - 2025-05,Intercompany Cash,MIA,2025-05
1677,635,MIA,2025-05-26,1000,Cash - Operating,Asset,No,3707.6,0.0,Intercompany settlement received from branch 2 - 2025-05,Intercompany Cash,CHI,2025-05
1678,635,MIA,2025-05-26,1300,Intercompany Receivable,Asset,Yes,0.0,3707.6,Intercompany settlement received from branch 2 - 2025-05,Intercompany Cash,CHI,2025-05
1679,636,MIA,2025-05-20,1300,Intercompany Receivable,Asset,Yes,3317.6,0.0,Shared services billed to branch 3 - 2025-05,Intercompany,DAL,2025-05
1680,636,MIA,2025-05-20,4090,Intercompany Shared Services Revenue,Revenue,Yes,0.0,3317.6,Shared services billed to branch 3 - 2025-05,Intercompany,DAL,2025-05
1681,637,DAL,2025-05-20,6070,Shared Services Allocation (Intercompany),Opex,Yes,3317.6,0.0,Shared services allocation from HQ - 2025-05,Intercompany,MIA,2025-05
1682,637,DAL,2025-05-20,2200,Intercompany Payable,Liability,Yes,0.0,3317.6,Shared services allocation from HQ - 2025-05,Intercompany,MIA,2025-05
1683,638,DAL,2025-05-26,2200,Intercompany Payable,Liability,Yes,3289.0,0.0,Intercompany settlement paid to HQ - 2025-05,Intercompany Cash,MIA,2025-05
1684,638,DAL,2025-05-26,1000,Cash - Operating,Asset,No,0.0,3289.0,Intercompany settlement paid to HQ - 2025-05,Intercompany Cash,MIA,2025-05
1685,639,MIA,2025-05-26,1000,Cash - Operating,Asset,No,3289.0,0.0,Intercompany settlement received from branch 3 - 2025-05,Intercompany Cash,DAL,2025-05
1686,639,MIA,2025-05-26,1300,Intercompany Receivable,Asset,Yes,0.0,3289.0,Intercompany settlement received from branch 3 - 2025-05,Intercompany Cash,DAL,2025-05
1687,640,MIA,2025-06-12,1100,Accounts Receivable,Asset,No,113863.1,0.0,MIA legal fees billed - 2025-06,Billing,,2025-06
1688,640,MIA,2025-06-12,4010,Litigation Fees,Revenue,No,0.0,47822.5,MIA legal fees billed - 2025-06,Billing,,2025-06
1689,640,MIA,2025-06-12,4020,Corporate & Transactional Fees,Revenue,No,0.0,37574.82,MIA legal fees billed - 2025-06,Billing,,2025-06
1690,640,MIA,2025-06-12,4030,Family Law Fees,Revenue,No,0.0,28465.78,MIA legal fees billed - 2025-06,Billing,,2025-06
1691,641,MIA,2025-06-24,1000,Cash - Operating,Asset,No,106994.29,0.0,MIA client fee collections - 2025-06,Cash Receipt,,2025-06
1692,641,MIA,2025-06-24,1100,Accounts Receivable,Asset,No,0.0,106994.29,MIA client fee collections - 2025-06,Cash Receipt,,2025-06
1693,642,MIA,2025-06-16,5010,Court Filing Fees,COGS,No,6466.68,0.0,MIA direct case costs - 2025-06,AP/Cash,,2025-06
1694,642,MIA,2025-06-16,5020,Expert Witness Fees,COGS,No,5290.92,0.0,MIA direct case costs - 2025-06,AP/Cash,,2025-06
1695,642,MIA,2025-06-16,1000,Cash - Operating,Asset,No,0.0,8230.32,MIA direct case costs - 2025-06,AP/Cash,,2025-06
1696,642,MIA,2025-06-16,2000,Accounts Payable,Liability,No,0.0,3527.28,MIA direct case costs - 2025-06,AP/Cash,,2025-06
1697,643,MIA,2025-06-30,6010,Attorney & Staff Payroll,Opex,No,49364.0,0.0,MIA payroll run - 2025-06,Payroll,,2025-06
1698,643,MIA,2025-06-30,6020,Payroll Taxes & Benefits,Opex,No,6910.96,0.0,MIA payroll run - 2025-06,Payroll,,2025-06
1699,643,MIA,2025-06-30,1000,Cash - Operating,Asset,No,0.0,56218.87,MIA payroll run - 2025-06,Payroll,,2025-06
1700,643,MIA,2025-06-30,2100,Accrued Payroll,Liability,No,0.0,5627.5,MIA payroll run - 2025-06,Payroll,,2025-06
1701,643,MIA,2025-06-30,2100,Accrued Payroll,Liability,No,5571.41,0.0,MIA payroll run - 2025-06,Payroll,,2025-06
1702,644,MIA,2025-06-02,6030,Office Rent,Opex,No,7378.0,0.0,MIA office rent - 2025-06,Cash,,2025-06
1703,644,MIA,2025-06-02,1000,Cash - Operating,Asset,No,0.0,7378.0,MIA office rent - 2025-06,Cash,,2025-06
1704,645,MIA,2025-06-18,6040,Marketing & Business Development,Opex,No,3289.42,0.0,MIA marketing spend - 2025-06,AP/Cash,,2025-06
1705,645,MIA,2025-06-18,1000,Cash - Operating,Asset,No,0.0,2631.54,MIA marketing spend - 2025-06,AP/Cash,,2025-06
1706,645,MIA,2025-06-18,2000,Accounts Payable,Liability,No,0.0,657.88,MIA marketing spend - 2025-06,AP/Cash,,2025-06
1707,646,MIA,2025-06-02,6050,Professional Insurance,Opex,No,1450.0,0.0,MIA malpractice insurance amortization - 2025-06,Prepaid Amort,,2025-06
1708,646,MIA,2025-06-02,1200,Prepaid Expenses,Asset,No,0.0,1450.0,MIA malpractice insurance amortization - 2025-06,Prepaid Amort,,2025-06
1709,647,MIA,2025-06-09,6060,Software & IT,Opex,No,2457.0,0.0,MIA software & IT subscriptions - 2025-06,Cash,,2025-06
1710,647,MIA,2025-06-09,1000,Cash - Operating,Asset,No,0.0,2457.0,MIA software & IT subscriptions - 2025-06,Cash,,2025-06
1711,648,MIA,2025-06-30,7000,Depreciation Expense,Opex,No,1100.0,0.0,MIA monthly depreciation - 2025-06,Adjusting Entry,,2025-06
1712,648,MIA,2025-06-30,1500,"Fixed Assets, Net",Asset,No,0.0,1100.0,MIA monthly depreciation - 2025-06,Adjusting Entry,,2025-06
1713,649,MIA,2025-06-05,2000,Accounts Payable,Liability,No,4111.47,0.0,MIA AP payment run (prior month invoices) - 2025-06,Cash,,2025-06
1714,649,MIA,2025-06-05,1000,Cash - Operating,Asset,No,0.0,4111.47,MIA AP payment run (prior month invoices) - 2025-06,Cash,,2025-06
1715,650,CHI,2025-06-12,1100,Accounts Receivable,Asset,No,69904.78,0.0,CHI legal fees billed - 2025-06,Billing,,2025-06
1716,650,CHI,2025-06-12,4010,Litigation Fees,Revenue,No,0.0,29360.01,CHI legal fees billed - 2025-06,Billing,,2025-06
1717,650,CHI,2025-06-12,4020,Corporate & Transactional Fees,Revenue,No,0.0,23068.58,CHI legal fees billed - 2025-06,Billing,,2025-06
1718,650,CHI,2025-06-12,4030,Family Law Fees,Revenue,No,0.0,17476.19,CHI legal fees billed - 2025-06,Billing,,2025-06
1719,651,CHI,2025-06-24,1000,Cash - Operating,Asset,No,64224.03,0.0,CHI client fee collections - 2025-06,Cash Receipt,,2025-06
1720,651,CHI,2025-06-24,1100,Accounts Receivable,Asset,No,0.0,64224.03,CHI client fee collections - 2025-06,Cash Receipt,,2025-06
1721,652,CHI,2025-06-16,5010,Court Filing Fees,COGS,No,3970.14,0.0,CHI direct case costs - 2025-06,AP/Cash,,2025-06
1722,652,CHI,2025-06-16,5020,Expert Witness Fees,COGS,No,3248.29,0.0,CHI direct case costs - 2025-06,AP/Cash,,2025-06
1723,652,CHI,2025-06-16,1000,Cash - Operating,Asset,No,0.0,5052.9,CHI direct case costs - 2025-06,AP/Cash,,2025-06
1724,652,CHI,2025-06-16,2000,Accounts Payable,Liability,No,0.0,2165.53,CHI direct case costs - 2025-06,AP/Cash,,2025-06
1725,653,CHI,2025-06-30,6010,Attorney & Staff Payroll,Opex,No,30605.68,0.0,CHI payroll run - 2025-06,Payroll,,2025-06
1726,653,CHI,2025-06-30,6020,Payroll Taxes & Benefits,Opex,No,4284.8,0.0,CHI payroll run - 2025-06,Payroll,,2025-06
1727,653,CHI,2025-06-30,1000,Cash - Operating,Asset,No,0.0,34855.7,CHI payroll run - 2025-06,Payroll,,2025-06
1728,653,CHI,2025-06-30,2100,Accrued Payroll,Liability,No,0.0,3489.05,CHI payroll run - 2025-06,Payroll,,2025-06
1729,653,CHI,2025-06-30,2100,Accrued Payroll,Liability,No,3454.27,0.0,CHI payroll run - 2025-06,Payroll,,2025-06
1730,654,CHI,2025-06-02,6030,Office Rent,Opex,No,4574.36,0.0,CHI office rent - 2025-06,Cash,,2025-06
1731,654,CHI,2025-06-02,1000,Cash - Operating,Asset,No,0.0,4574.36,CHI office rent - 2025-06,Cash,,2025-06
1732,655,CHI,2025-06-18,6040,Marketing & Business Development,Opex,No,2019.49,0.0,CHI marketing spend - 2025-06,AP/Cash,,2025-06
1733,655,CHI,2025-06-18,1000,Cash - Operating,Asset,No,0.0,1615.59,CHI marketing spend - 2025-06,AP/Cash,,2025-06
1734,655,CHI,2025-06-18,2000,Accounts Payable,Liability,No,0.0,403.9,CHI marketing spend - 2025-06,AP/Cash,,2025-06
1735,656,CHI,2025-06-02,6050,Professional Insurance,Opex,No,899.0,0.0,CHI malpractice insurance amortization - 2025-06,Prepaid Amort,,2025-06
1736,656,CHI,2025-06-02,1200,Prepaid Expenses,Asset,No,0.0,899.0,CHI malpractice insurance amortization - 2025-06,Prepaid Amort,,2025-06
1737,657,CHI,2025-06-09,6060,Software & IT,Opex,No,1523.34,0.0,CHI software & IT subscriptions - 2025-06,Cash,,2025-06
1738,657,CHI,2025-06-09,1000,Cash - Operating,Asset,No,0.0,1523.34,CHI software & IT subscriptions - 2025-06,Cash,,2025-06
1739,658,CHI,2025-06-30,7000,Depreciation Expense,Opex,No,682.0,0.0,CHI monthly depreciation - 2025-06,Adjusting Entry,,2025-06
1740,658,CHI,2025-06-30,1500,"Fixed Assets, Net",Asset,No,0.0,682.0,CHI monthly depreciation - 2025-06,Adjusting Entry,,2025-06
1741,659,CHI,2025-06-05,2000,Accounts Payable,Liability,No,2461.45,0.0,CHI AP payment run (prior month invoices) - 2025-06,Cash,,2025-06
1742,659,CHI,2025-06-05,1000,Cash - Operating,Asset,No,0.0,2461.45,CHI AP payment run (prior month invoices) - 2025-06,Cash,,2025-06
1743,660,DAL,2025-06-12,1100,Accounts Receivable,Asset,No,57235.2,0.0,DAL legal fees billed - 2025-06,Billing,,2025-06
1744,660,DAL,2025-06-12,4010,Litigation Fees,Revenue,No,0.0,24038.78,DAL legal fees billed - 2025-06,Billing,,2025-06
1745,660,DAL,2025-06-12,4020,Corporate & Transactional Fees,Revenue,No,0.0,18887.62,DAL legal fees billed - 2025-06,Billing,,2025-06
1746,660,DAL,2025-06-12,4030,Family Law Fees,Revenue,No,0.0,14308.8,DAL legal fees billed - 2025-06,Billing,,2025-06
1747,661,DAL,2025-06-24,1000,Cash - Operating,Asset,No,54828.09,0.0,DAL client fee collections - 2025-06,Cash Receipt,,2025-06
1748,661,DAL,2025-06-24,1100,Accounts Receivable,Asset,No,0.0,54828.09,DAL client fee collections - 2025-06,Cash Receipt,,2025-06
1749,662,DAL,2025-06-16,5010,Court Filing Fees,COGS,No,3250.59,0.0,DAL direct case costs - 2025-06,AP/Cash,,2025-06
1750,662,DAL,2025-06-16,5020,Expert Witness Fees,COGS,No,2659.57,0.0,DAL direct case costs - 2025-06,AP/Cash,,2025-06
1751,662,DAL,2025-06-16,1000,Cash - Operating,Asset,No,0.0,4137.11,DAL direct case costs - 2025-06,AP/Cash,,2025-06
1752,662,DAL,2025-06-16,2000,Accounts Payable,Liability,No,0.0,1773.05,DAL direct case costs - 2025-06,AP/Cash,,2025-06
1753,663,DAL,2025-06-30,6010,Attorney & Staff Payroll,Opex,No,27150.2,0.0,DAL payroll run - 2025-06,Payroll,,2025-06
1754,663,DAL,2025-06-30,6020,Payroll Taxes & Benefits,Opex,No,3801.03,0.0,DAL payroll run - 2025-06,Payroll,,2025-06
1755,663,DAL,2025-06-30,1000,Cash - Operating,Asset,No,0.0,30920.38,DAL payroll run - 2025-06,Payroll,,2025-06
1756,663,DAL,2025-06-30,2100,Accrued Payroll,Liability,No,0.0,3095.12,DAL payroll run - 2025-06,Payroll,,2025-06
1757,663,DAL,2025-06-30,2100,Accrued Payroll,Liability,No,3064.27,0.0,DAL payroll run - 2025-06,Payroll,,2025-06
1758,664,DAL,2025-06-02,6030,Office Rent,Opex,No,4057.9,0.0,DAL office rent - 2025-06,Cash,,2025-06
1759,664,DAL,2025-06-02,1000,Cash - Operating,Asset,No,0.0,4057.9,DAL office rent - 2025-06,Cash,,2025-06
1760,665,DAL,2025-06-18,6040,Marketing & Business Development,Opex,No,1653.48,0.0,DAL marketing spend - 2025-06,AP/Cash,,2025-06
1761,665,DAL,2025-06-18,1000,Cash - Operating,Asset,No,0.0,1322.78,DAL marketing spend - 2025-06,AP/Cash,,2025-06
1762,665,DAL,2025-06-18,2000,Accounts Payable,Liability,No,0.0,330.7,DAL marketing spend - 2025-06,AP/Cash,,2025-06
1763,666,DAL,2025-06-02,6050,Professional Insurance,Opex,No,797.5,0.0,DAL malpractice insurance amortization - 2025-06,Prepaid Amort,,2025-06
1764,666,DAL,2025-06-02,1200,Prepaid Expenses,Asset,No,0.0,797.5,DAL malpractice insurance amortization - 2025-06,Prepaid Amort,,2025-06
1765,667,DAL,2025-06-09,6060,Software & IT,Opex,No,1351.35,0.0,DAL software & IT subscriptions - 2025-06,Cash,,2025-06
1766,667,DAL,2025-06-09,1000,Cash - Operating,Asset,No,0.0,1351.35,DAL software & IT subscriptions - 2025-06,Cash,,2025-06
1767,668,DAL,2025-06-30,7000,Depreciation Expense,Opex,No,605.0,0.0,DAL monthly depreciation - 2025-06,Adjusting Entry,,2025-06
1768,668,DAL,2025-06-30,1500,"Fixed Assets, Net",Asset,No,0.0,605.0,DAL monthly depreciation - 2025-06,Adjusting Entry,,2025-06
1769,669,DAL,2025-06-05,2000,Accounts Payable,Liability,No,2040.24,0.0,DAL AP payment run (prior month invoices) - 2025-06,Cash,,2025-06
1770,669,DAL,2025-06-05,1000,Cash - Operating,Asset,No,0.0,2040.24,DAL AP payment run (prior month invoices) - 2025-06,Cash,,2025-06
1771,670,MIA,2025-06-20,1300,Intercompany Receivable,Asset,Yes,3772.08,0.0,Shared services billed to branch 2 - 2025-06,Intercompany,CHI,2025-06
1772,670,MIA,2025-06-20,4090,Intercompany Shared Services Revenue,Revenue,Yes,0.0,3772.08,Shared services billed to branch 2 - 2025-06,Intercompany,CHI,2025-06
1773,671,CHI,2025-06-20,6070,Shared Services Allocation (Intercompany),Opex,Yes,3772.08,0.0,Shared services allocation from HQ - 2025-06,Intercompany,MIA,2025-06
1774,671,CHI,2025-06-20,2200,Intercompany Payable,Liability,Yes,0.0,3772.08,Shared services allocation from HQ - 2025-06,Intercompany,MIA,2025-06
1775,672,CHI,2025-06-25,2200,Intercompany Payable,Liability,Yes,3739.84,0.0,Intercompany settlement paid to HQ - 2025-06,Intercompany Cash,MIA,2025-06
1776,672,CHI,2025-06-25,1000,Cash - Operating,Asset,No,0.0,3739.84,Intercompany settlement paid to HQ - 2025-06,Intercompany Cash,MIA,2025-06
1777,673,MIA,2025-06-25,1000,Cash - Operating,Asset,No,3739.84,0.0,Intercompany settlement received from branch 2 - 2025-06,Intercompany Cash,CHI,2025-06
1778,673,MIA,2025-06-25,1300,Intercompany Receivable,Asset,Yes,0.0,3739.84,Intercompany settlement received from branch 2 - 2025-06,Intercompany Cash,CHI,2025-06
1779,674,MIA,2025-06-20,1300,Intercompany Receivable,Asset,Yes,3346.2,0.0,Shared services billed to branch 3 - 2025-06,Intercompany,DAL,2025-06
1780,674,MIA,2025-06-20,4090,Intercompany Shared Services Revenue,Revenue,Yes,0.0,3346.2,Shared services billed to branch 3 - 2025-06,Intercompany,DAL,2025-06
1781,675,DAL,2025-06-20,6070,Shared Services Allocation (Intercompany),Opex,Yes,3346.2,0.0,Shared services allocation from HQ - 2025-06,Intercompany,MIA,2025-06
1782,675,DAL,2025-06-20,2200,Intercompany Payable,Liability,Yes,0.0,3346.2,Shared services allocation from HQ - 2025-06,Intercompany,MIA,2025-06
1783,676,DAL,2025-06-25,2200,Intercompany Payable,Liability,Yes,3317.6,0.0,Intercompany settlement paid to HQ - 2025-06,Intercompany Cash,MIA,2025-06
1784,676,DAL,2025-06-25,1000,Cash - Operating,Asset,No,0.0,3317.6,Intercompany settlement paid to HQ - 2025-06,Intercompany Cash,MIA,2025-06
1785,677,MIA,2025-06-25,1000,Cash - Operating,Asset,No,3317.6,0.0,Intercompany settlement received from branch 3 - 2025-06,Intercompany Cash,DAL,2025-06
1786,677,MIA,2025-06-25,1300,Intercompany Receivable,Asset,Yes,0.0,3317.6,Intercompany settlement received from branch 3 - 2025-06,Intercompany Cash,DAL,2025-06
